SubmissionDate,starttime,endtime,deviceid,subscriberid,simserial,phonenumber,username,duration,duration_min,caseid,audio_audit,text_audit,q001a,q001b,q001,q001c,q010a,q010b,q011a,q011b,q012a,q012b,siteid,surveyid,geo-Latitude,geo-Longitude,geo-Altitude,geo-Accuracy,qmois,qannee,q1_0_h,q1_0_f,q1_0_hf_total,q1_0_age15m,q1_0_age15p,q1_0_age_total,q1_0_niv_sante,q1_0_niv_com,q1_0_niv_total,q1_1_h,q1_1_f,q1_1_hf_total,q1_1_age15m,q1_1_age15p,q1_1_age_total,q1_1_niv_sante,q1_1_niv_com,q1_1_niv_total,q1_2_h,q1_2_f,q1_2_hf_total,q1_2_age15m,q1_2_age15p,q1_2_age_total,q1_2_niv_sante,q1_2_niv_com,q1_2_niv_total,q1_3_h,q1_3_f,q1_3_hf_total,q1_3_age15m,q1_3_age15p,q1_3_age_total,q1_3_niv_sante,q1_3_niv_com,q1_3_niv_total,q1_4_h,q1_4_f,q1_4_hf_total,q1_4_age15m,q1_4_age15p,q1_4_age_total,q1_5_h,q1_5_f,q1_5_hf_total,q1_5_age15m,q1_5_age15p,q1_5_age_total,q2_0_h,q2_0_f,q2_0_hf_total,q2_0_age15m,q2_0_age15p,q2_0_age_total,q2_1_h,q2_1_f,q2_1_hf_total,q2_1_age15m,q2_1_age15p,q2_1_age_total,q2_2_h,q2_2_f,q2_2_hf_total,q2_2_age15m,q2_2_age15p,q2_2_age_total,q3_0_h,q3_0_f,q3_0_hf_total,q3_0_age15m,q3_0_age15p,q3_0_age_total,q3_1,q3_2,q3_3,q3_4_g04,q3_4_f04,q3_4_g514,q3_4_f514,q3_4_h1524,q3_4_f1524,q3_4_h2534,q3_4_f2534,q3_4_h3544,q3_4_f3544,q3_4_h4554,q3_4_f4554,q3_4_h5564,q3_4_f5564,q3_4_h65p,q3_4_f65p,q3_4_h_total,q3_4_f_total,q3_4_hf_total,q3_4_age_total,q4_0_h,q4_0_f,q4_0_hf_total,q4_0_age15m,q4_0_age15p,q4_0_age_total,q4_1_h,q4_1_f,q4_1_hf_total,q4_1_age15m,q4_1_age15p,q4_1_age_total,q5_0_h,q5_0_f,q5_0_hf_total,q5_0_age15m,q5_0_age15p,q5_0_age_total,q6_0_h,q6_0_f,q6_0_hf_total,q6_0_age15m,q6_0_age15p,q6_0_age_total,q7_0_h,q7_0_f,q7_0_hf_total,q7_0_age15m,q7_0_age15p,q7_0_age_total,q8_0_h,q8_0_f,q8_0_hf_total,q8_0_age5m,q8_0_age5p,q8_0_age_total,q8_1_h,q8_1_f,q8_1_hf_total,q8_1_age5m,q8_1_age5p,q8_1_age_total,q8_2_h,q8_2_f,q8_2_hf_total,q8_2_age5m,q8_2_age5p,q8_2_age_total,q8_3_h,q8_3_f,q8_3_hf_total,q8_3_age5m,q8_3_age5p,q8_3_age_total,q8_4_h,q8_4_f,q8_4_hf_total,q8_4_age5m,q8_4_age5p,q8_4_age_total,q8_5_h,q8_5_f,q8_5_hf_total,q8_5_age15m,q8_5_age15p,q8_5_age_total,q8_6_h,q8_6_f,q8_6_hf_total,q8_6_age5m,q8_6_age5p,q8_6_age_total,q9_0,q9_1_h,q9_1_f,q9_1_hf_total,q9_1_age5m,q9_1_age5p,q9_1_age_total,q9_2_h,q9_2_f,q9_2_hf_total,q9_2_age15m,q9_2_age15p,q9_2_age_total,q9_3_h,q9_3_f,q9_3_hf_total,q9_3_age5m,q9_3_age5p,q9_3_age_total,q10_0_h,q10_0_f,q10_0_hf_total,q10_0_age5m,q10_0_age5p,q10_0_age_total,q10_1_h,q10_1_f,q10_1_hf_total,q10_1_age5m,q10_1_age5p,q10_1_age_total,q10_2_h,q10_2_f,q10_2_hf_total,q10_2_age5m,q10_2_age5p,q10_2_age_total,instanceID,instanceName,formdef_version,KEY
17 juil. 2026 13:24:15,17 juil. 2026 13:08:22,17 juil. 2026 13:23:55,1c7dbcbed20a9d7b,,,+243110409603566,posaf2026,908,15.133333333333333,,,https://posaf.surveycto.com/view/submission-attachment/?uuid=uuid%3A05769991-53db-46c1-b83a-1fdf285f93d9&file=TA_05769991-53db-46c1-b83a-1fdf285f93d9.csv,17 juil. 2026,13:20:53,2,,6,lm Lomami,104,lm Kabinda,478,lm Kilo Centre de Santé,6-104-478,6-104-478-FA,-6.1437083,24.4936683,834.5,4.7,mois_7,an2026,53,84,137,50,87,137,10,127,137,0,0,0,0,0,0,0,0,0,17,7,24,3,21,24,20,4,24,0,0,0,0,0,0,0,0,0,8,8,16,4,12,16,0,0,0,0,0,0,0,0,0,0,0,0,0,0,0,0,0,0,4,2,6,1,5,6,4,2,6,1,5,6,2,2,10,0,0,0,1,1,0,0,5,0,0,1,1,1,0,0,0,3,7,10,10,0,0,0,0,0,0,0,0,0,0,0,0,0,0,0,0,0,0,2,1,3,1,5,6,0,0,0,0,0,0,4,4,8,4,4,8,4,4,8,4,4,8,0,0,0,0,0,0,0,0,0,0,0,0,0,0,0,0,0,0,0,0,0,0,0,0,0,0,0,0,0,0,0,0,0,0,0,0,0,0,0,0,0,0,0,0,0,0,0,0,0,0,0,0,0,0,0,0,0,0,0,0,0,0,0,0,0,0,0,uuid:05769991-53db-46c1-b83a-1fdf285f93d9,6-104-478-FA,26328176,uuid:05769991-53db-46c1-b83a-1fdf285f93d9
17 juil. 2026 13:42:32,17 juil. 2026 14:33:18,17 juil. 2026 14:44:28,5ca6ada216986245,,,,posaf2026,545,9.083333333333334,,,https://posaf.surveycto.com/view/submission-attachment/?uuid=uuid%3A826ce99e-1b3f-474a-9d36-f755b46a88a0&file=TA_826ce99e-1b3f-474a-9d36-f755b46a88a0.csv,17 juil. 2026,14:33:24,3,LUPETU,6,lm Lomami,104,lm Kabinda,476,lm Kabinda Hôpital Général de Référence,6-104-476,6-104-476-FA,-6.1437617,24.4934983,838.0,4.6,mois_7,an2027,1,1,2,1,1,2,1,1,2,1,1,2,1,1,2,1,1,2,1,1,2,1,1,2,1,1,2,1,1,2,1,1,2,1,1,2,1,1,2,1,1,2,1,1,2,1,1,2,1,1,2,1,1,2,1,1,2,1,1,2,1,1,2,1,1,2,1,1,2,1,1,2,1,1,1,1,1,1,1,1,1,1,1,1,1,1,1,1,1,1,1,8,8,16,16,1,1,2,1,1,2,1,1,2,1,1,2,1,1,2,1,1,2,1,1,2,1,1,2,1,1,2,1,1,2,1,1,2,1,1,2,1,1,2,1,1,2,1,1,2,1,1,2,1,1,2,1,1,2,1,1,2,1,1,2,1,1,2,1,1,2,1,1,2,1,1,2,1,1,1,2,1,1,2,1,1,2,1,1,2,1,1,2,1,1,2,1,1,2,1,1,2,1,1,2,1,1,2,1,1,2,1,1,2,uuid:826ce99e-1b3f-474a-9d36-f755b46a88a0,6-104-476-FA,26328176,uuid:826ce99e-1b3f-474a-9d36-f755b46a88a0
21 juil. 2026 14:26:43,21 juil. 2026 14:15:13,21 juil. 2026 14:25:22,5b8d261cfd3dee7b,,,,posaf2026,572,9.533333333333333,,,https://posaf.surveycto.com/view/submission-attachment/?uuid=uuid%3Ad31afb28-8e4f-460b-ab02-2f91064be5bd&file=TA_d31afb28-8e4f-460b-ab02-2f91064be5bd.csv,21 juil. 2026,14:15:42,4,TSHIBANDA,6,lm Lomami,116,lm Mweneditu,554,lm Emmaüs Centre Hospitalier,6-116-554,6-116-554-FA,,,,,mois_6,an2026,1,1,2,1,1,2,1,1,2,1,1,2,1,1,2,1,1,2,1,1,2,1,1,2,1,1,2,1,1,2,1,1,2,1,1,2,1,1,2,1,1,2,1,1,2,1,1,2,1,1,2,1,1,2,1,1,2,1,1,2,1,1,2,1,1,2,1,1,2,1,1,2,1,1,1,1,1,1,1,1,1,1,1,1,1,1,1,1,1,1,1,8,8,16,16,1,1,2,1,1,2,1,1,2,1,1,2,1,1,2,1,1,2,1,1,2,1,1,2,1,1,2,1,1,2,1,1,2,1,1,2,1,1,2,1,1,2,1,1,2,1,1,2,1,1,2,1,1,2,1,1,2,1,1,2,1,1,2,1,1,2,1,1,2,1,1,2,1,1,1,2,1,1,2,1,1,2,1,1,2,1,1,2,1,1,2,1,1,2,1,1,2,1,1,2,1,1,2,1,1,2,1,1,2,uuid:d31afb28-8e4f-460b-ab02-2f91064be5bd,6-116-554-FA,26328176,uuid:d31afb28-8e4f-460b-ab02-2f91064be5bd
21 juil. 2026 14:26:57,21 juil. 2026 15:14:59,21 juil. 2026 15:25:13,8fe388fc3a7aa8a7,,,,posaf2026,580,9.666666666666666,,,https://posaf.surveycto.com/view/submission-attachment/?uuid=uuid%3A67f1bc3c-c5c0-4c13-a13d-d8cbc2291d57&file=TA_67f1bc3c-c5c0-4c13-a13d-d8cbc2291d57.csv,21 juil. 2026,15:15:28,1,Mutombo mukendi,6,lm Lomami,116,lm Mweneditu,554,lm Emmaüs Centre Hospitalier,6-116-554,6-116-554-FA,-7.015427,23.471153,943.9,0.9,mois_1,an2026,0,0,0,0,0,0,0,0,0,0,0,0,0,0,0,0,0,0,0,0,0,0,0,0,0,0,0,0,0,0,0,0,0,0,0,0,0,0,0,0,0,0,0,0,0,0,0,0,0,0,0,0,0,0,0,0,0,0,0,0,0,0,0,0,0,0,0,0,0,0,0,0,0,0,0,0,0,0,0,0,0,0,0,0,0,0,0,0,0,0,0,0,0,0,0,0,0,0,0,0,0,0,0,0,0,0,0,0,0,0,0,0,0,0,0,0,0,0,0,0,0,0,0,0,0,0,0,0,0,0,0,0,0,0,0,0,0,0,0,0,0,0,0,0,0,0,0,0,0,0,0,0,0,0,0,0,0,0,0,0,0,0,0,0,0,0,0,0,0,0,0,0,0,0,0,0,0,0,0,0,0,0,0,0,0,0,0,0,0,0,0,0,0,0,0,0,0,0,0,0,0,0,0,0,uuid:67f1bc3c-c5c0-4c13-a13d-d8cbc2291d57,6-116-554-FA,26328176,uuid:67f1bc3c-c5c0-4c13-a13d-d8cbc2291d57
29 juil. 2026 17:50:46,29 juil. 2026 16:26:34,29 juil. 2026 17:50:38,8c1b4de6b4d165d3,,,,posaf2026,4939,82.31666666666666,,,https://posaf.surveycto.com/view/submission-attachment/?uuid=uuid%3Aaa0541db-3eb3-42aa-9add-94d24bd02738&file=TA_aa0541db-3eb3-42aa-9add-94d24bd02738.csv,29 juil. 2026,16:27:42,1,REAGAN KAHONGO MUKEMBE,9,tn Tanganyika,175,tn Manono,803,tn Kamina Lenge Centre de Santé,9-175-803,9-175-803-FA,-7.2919156,27.4030395,609.3,5.6,mois_7,an2026,46,50,96,0,96,96,19,77,96,0,0,0,0,0,0,0,0,0,0,0,0,0,0,0,0,0,0,0,0,0,0,0,0,0,0,0,46,50,96,0,96,96,0,0,0,0,0,0,11,6,17,0,17,17,0,0,0,0,0,0,9,4,13,0,13,13,0,0,0,0,0,0,0,0,0,0,0,0,0,0,0,0,0,0,0,0,0,0,0,0,0,0,0,0,0,0,0,0,0,0,0,0,0,0,0,0,0,0,0,0,0,0,0,0,0,0,0,0,0,0,0,0,0,0,0,4,5,9,9,0,9,0,0,0,0,0,0,0,0,0,0,0,0,0,0,0,0,0,0,4,5,9,9,0,9,0,0,0,0,0,0,0,0,0,0,0,0,0,0,0,0,0,0,0,0,0,0,0,0,0,0,0,0,0,0,0,0,0,0,0,0,0,0,0,0,0,0,0,0,0,0,0,0,0,uuid:aa0541db-3eb3-42aa-9add-94d24bd02738,9-175-803-FA,26328176,uuid:aa0541db-3eb3-42aa-9add-94d24bd02738
30 juil. 2026 05:47:47,28 juil. 2026 06:46:47,28 juil. 2026 07:09:11,71b7dc64311a4958,,,,posaf2026,1344,22.4,,,https://posaf.surveycto.com/view/submission-attachment/?uuid=uuid%3Ae901bde9-29f6-42ce-a3e9-1ebf9dec361a&file=TA_e901bde9-29f6-42ce-a3e9-1ebf9dec361a.csv,28 juil. 2026,06:47:25,1,LONGO WA NGOY GERVAIS,9,tn Tanganyika,175,tn Manono,806,tn Kizyuki Centre de Santé,9-175-806,9-175-806-FA,-7.4926228,26.8430393,575.2,2.6,mois_7,an2026,105,134,239,79,160,239,87,152,239,0,0,0,0,0,0,0,0,0,6,9,15,2,13,15,6,9,15,0,0,0,0,0,0,0,0,0,6,9,15,2,13,15,0,0,0,0,0,0,105,134,239,79,160,239,0,0,0,0,0,0,5,8,13,2,11,13,0,0,0,0,0,0,2,0,2,0,0,1,1,0,0,0,0,0,0,0,0,0,0,0,0,1,1,2,2,0,0,0,0,0,0,0,0,0,0,0,0,0,0,0,0,0,0,0,0,0,0,0,0,0,0,0,0,0,0,3,5,8,6,2,8,0,1,1,1,0,1,0,0,0,0,0,0,0,0,0,0,0,0,0,1,1,1,0,1,0,0,0,0,0,0,0,0,0,0,0,0,1,0,1,1,1,0,1,0,0,0,0,0,0,0,0,0,0,0,0,0,1,1,1,0,1,0,0,0,0,0,0,0,0,0,0,0,0,uuid:e901bde9-29f6-42ce-a3e9-1ebf9dec361a,9-175-806-FA,26328176,uuid:e901bde9-29f6-42ce-a3e9-1ebf9dec361a
30 juil. 2026 09:03:01,30 juil. 2026 08:09:17,30 juil. 2026 09:01:14,70939baa8d927143,,,,posaf2026,2427,40.45,,,https://posaf.surveycto.com/view/submission-attachment/?uuid=uuid%3Ae382f889-c407-4347-a45a-d7487194b106&file=TA_e382f889-c407-4347-a45a-d7487194b106.csv,30 juil. 2026,08:09:27,1,Katumba Katumba,6,lm Lomami,110,lm Kanda Kanda,517,lm Lulamba 1 Centre de Santé,6-110-517,6-110-517-FA,-6.8485178,23.6775807,707.1,5.0,mois_6,an2026,5,6,11,3,8,11,0,11,11,0,0,0,0,0,0,0,0,0,21,17,38,18,20,38,0,38,38,0,0,0,0,0,0,0,0,0,21,17,38,18,20,38,0,0,0,0,0,0,0,0,0,0,0,0,0,0,0,0,0,0,1,3,4,0,4,4,1,3,4,0,4,4,4,3,11,0,0,0,0,0,0,0,0,0,2,0,1,1,0,0,0,1,3,4,4,0,0,0,0,0,0,0,0,0,0,0,0,0,0,0,0,0,0,0,0,0,0,0,0,0,0,0,0,0,0,0,0,0,0,0,0,0,0,0,0,0,0,0,0,0,0,0,0,0,0,0,0,0,0,0,0,0,0,0,0,0,0,0,0,0,0,0,0,0,0,0,0,0,0,0,0,0,0,0,0,0,0,0,0,0,0,0,0,0,0,0,0,0,0,0,0,0,0,0,0,0,0,0,0,0,0,0,0,0,uuid:e382f889-c407-4347-a45a-d7487194b106,6-110-517-FA,26328176,uuid:e382f889-c407-4347-a45a-d7487194b106
30 juil. 2026 11:29:58,30 juil. 2026 10:42:00,30 juil. 2026 11:29:03,bca4cb25ab6c3a7f,,,,posaf2026,2781,46.35,,,https://posaf.surveycto.com/view/submission-attachment/?uuid=uuid%3A14f78824-a32b-48ec-aa97-6502501bb357&file=TA_14f78824-a32b-48ec-aa97-6502501bb357.csv,30 juil. 2026,10:42:14,1,KABUANDAYA MPIANA MARTIN,6,lm Lomami,109,lm Kamiji,513,lm Miketa Centre de Santé,6-109-513,6-109-513-FA,-6.7426341,23.1242745,871.3,1.5,mois_6,an2026,2,4,6,2,4,6,2,4,6,0,0,0,0,0,0,0,0,0,0,0,0,0,0,0,0,0,0,0,0,0,0,0,0,0,0,0,0,0,0,0,0,0,0,0,0,0,0,0,0,0,0,0,0,0,0,0,0,0,0,0,0,0,0,0,0,0,0,0,0,0,0,0,0,0,0,0,0,1,1,1,0,0,0,0,2,0,1,0,0,0,0,2,4,6,6,0,0,0,0,0,0,0,0,0,0,0,0,0,0,0,0,0,0,0,0,0,0,0,0,0,0,0,0,0,0,5,3,8,8,0,8,0,0,0,0,0,0,0,0,0,0,0,0,0,0,0,0,0,0,0,0,0,0,0,0,0,0,0,0,0,0,0,0,0,0,0,0,0,0,0,0,0,0,0,0,0,0,0,0,0,0,0,0,0,0,0,0,0,0,0,0,0,0,0,0,0,0,0,0,0,0,0,0,0,uuid:14f78824-a32b-48ec-aa97-6502501bb357,6-109-513-FA,26328176,uuid:14f78824-a32b-48ec-aa97-6502501bb357
30 juil. 2026 14:35:19,30 juil. 2026 12:08:59,30 juil. 2026 13:18:01,8e0ff161faa76438,,,,posaf2026,4129,68.81666666666666,,,https://posaf.surveycto.com/view/submission-attachment/?uuid=uuid%3Ac2c16db5-2c29-4905-9baf-239c60405b55&file=TA_c2c16db5-2c29-4905-9baf-239c60405b55.csv,30 juil. 2026,12:09:27,1,YUMBA JEAN,9,tn Tanganyika,175,tn Manono,804,tn Kanteba Centre de Santé,9-175-804,9-175-804-FA,-7.295513,27.4591258,0.0,600.0,mois_7,an2026,49,44,93,2,91,93,73,20,93,0,0,0,0,0,0,0,0,0,0,0,0,0,0,0,0,0,0,0,0,0,0,0,0,0,0,0,49,44,93,2,91,93,0,0,0,0,0,0,11,13,24,2,22,24,0,0,0,0,0,0,9,11,20,0,20,20,0,0,0,0,0,0,0,0,0,0,0,0,0,0,0,0,0,0,0,0,0,0,0,0,0,0,0,0,0,0,0,0,0,0,0,0,0,0,0,0,0,0,0,0,0,0,0,0,0,0,0,0,0,0,0,0,0,0,0,24,19,43,13,30,43,0,0,0,0,0,0,0,0,0,0,0,0,0,0,0,0,0,0,5,8,13,13,0,13,0,0,0,0,0,0,0,0,0,0,0,0,0,0,0,0,0,0,0,0,0,0,0,0,0,0,0,0,0,0,0,0,0,0,0,0,0,0,0,0,0,0,0,0,0,0,0,0,0,uuid:c2c16db5-2c29-4905-9baf-239c60405b55,9-175-804-FA,26328176,uuid:c2c16db5-2c29-4905-9baf-239c60405b55
30 juil. 2026 16:55:39,29 juil. 2026 12:51:13,30 juil. 2026 16:44:54,72bf7587a750e784,,,,posaf2026,3412,56.86666666666667,,,https://posaf.surveycto.com/view/submission-attachment/?uuid=uuid%3A6488fe22-c7a3-420e-a590-4a7420f9ac02&file=TA_6488fe22-c7a3-420e-a590-4a7420f9ac02.csv,28 juin 2026,16:47:17,1,Mukadi mukadi Athanase,6,lm Lomami,110,lm Kanda Kanda,520,lm Saint Leonard Centre Hospitalier,6-110-520,6-110-520-FA,-6.8670246,23.7396134,754.5,1.4,mois_6,an2026,15,6,21,5,16,21,5,16,21,0,0,0,0,0,0,0,0,0,0,0,0,0,0,0,0,0,0,0,0,0,0,0,0,0,0,0,9,2,11,5,6,11,0,0,0,0,0,0,0,0,0,0,0,0,0,0,0,0,0,0,5,4,9,0,9,9,5,4,9,0,9,9,7,5,21,0,0,2,2,1,2,3,1,2,2,1,1,1,2,0,1,10,11,21,21,0,0,0,0,0,0,0,0,0,0,0,0,0,0,0,0,0,0,0,0,0,0,0,0,0,0,0,0,0,0,9,2,11,4,7,11,0,0,0,4,7,11,0,0,0,0,0,0,0,0,0,0,0,0,0,0,0,0,0,0,0,0,0,0,0,0,0,0,0,0,0,0,0,0,0,0,0,0,0,0,0,0,0,0,0,0,0,0,0,0,0,0,0,0,0,0,0,0,0,0,0,0,0,0,0,0,0,0,0,uuid:6488fe22-c7a3-420e-a590-4a7420f9ac02,6-110-520-FA,26328176,uuid:6488fe22-c7a3-420e-a590-4a7420f9ac02
30 juil. 2026 16:56:30,30 juil. 2026 16:37:00,30 juil. 2026 16:55:56,cc468a4f4458e977,,,,posaf2026,1128,18.8,,,https://posaf.surveycto.com/view/submission-attachment/?uuid=uuid%3Affdaa14d-ee57-4c24-802f-c9dab832464d&file=TA_ffdaa14d-ee57-4c24-802f-c9dab832464d.csv,30 juil. 2026,16:37:30,1,KAMBOBE EDOUARD,1,hk Haut Katanga,12,hk Kilwa,40,hk Dubie Centre de Santé de Référence,1-12-40,1-12-40-FA,-8.5861737,28.5279706,998.2,4.8,mois_6,an2026,0,0,0,0,0,0,0,0,0,0,0,0,0,0,0,0,0,0,0,0,0,0,0,0,0,0,0,0,0,0,0,0,0,0,0,0,0,0,0,0,0,0,0,0,0,0,0,0,0,0,0,0,0,0,0,0,0,0,0,0,0,0,0,0,0,0,0,0,0,0,0,0,0,0,0,0,0,0,0,0,0,0,0,0,0,0,0,0,0,0,0,0,0,0,0,0,0,0,0,0,0,0,0,0,0,0,0,0,0,0,0,0,0,0,0,0,0,0,0,0,0,0,0,0,0,0,0,0,0,0,0,0,0,0,0,0,0,0,0,0,0,0,0,0,0,0,0,0,0,0,0,0,0,0,0,0,0,0,0,0,0,0,0,0,0,0,0,0,0,0,0,0,0,0,0,0,0,0,0,0,0,0,0,0,0,0,0,0,0,0,0,0,0,0,0,0,0,0,0,0,0,0,0,0,uuid:ffdaa14d-ee57-4c24-802f-c9dab832464d,1-12-40-FA,26328176,uuid:ffdaa14d-ee57-4c24-802f-c9dab832464d
31 juil. 2026 18:10:44,29 juil. 2026 15:07:00,31 juil. 2026 12:08:07,a00d9a91b81d672c,,,,posaf2026,3241,54.016666666666666,,,https://posaf.surveycto.com/view/submission-attachment/?uuid=uuid%3A1787f71f-61ee-4a46-b5b8-f0c337c129ee&file=TA_1787f71f-61ee-4a46-b5b8-f0c337c129ee.csv,30 juin 2026,15:07:52,1,MULENGA MULENGA SYLVAIN,6,lm Lomami,109,lm Kamiji,512,lm Malenga Centre de Santé,6-109-512,6-109-512-FA,-6.7890431,23.2319778,930.8,0.5,mois_6,an2026,3,5,8,2,6,8,7,1,8,0,0,0,0,0,0,0,0,0,0,0,0,0,0,0,0,0,0,0,0,0,0,0,0,0,0,0,35,37,72,5,67,72,0,0,0,0,0,0,0,0,0,0,0,0,0,0,0,0,0,0,2,2,4,0,4,4,2,2,4,0,4,4,2,2,8,0,0,1,0,1,2,0,0,2,1,0,0,0,0,0,0,4,3,7,7,0,0,0,0,0,0,0,0,0,0,0,0,0,0,0,0,0,0,2,0,2,0,2,2,0,0,0,0,0,0,2,2,4,0,4,4,0,0,0,0,0,0,0,0,0,0,0,0,0,0,0,0,0,0,2,2,4,0,4,4,0,0,0,0,0,0,0,0,0,0,0,0,4,2,2,4,0,0,0,0,0,0,0,0,0,0,0,0,0,0,0,0,0,0,0,0,0,0,0,0,0,0,0,0,0,0,0,0,0,uuid:1787f71f-61ee-4a46-b5b8-f0c337c129ee,6-109-512-FA,26328176,uuid:1787f71f-61ee-4a46-b5b8-f0c337c129ee
1 août 2026 10:24:04,1 août 2026 10:03:59,1 août 2026 10:23:38,351331876026786,630860140348107,89243841181070781076,,posaf2026,1179,19.65,,,https://posaf.surveycto.com/view/submission-attachment/?uuid=uuid%3Ac7d67586-0855-405b-8d4b-cf5142444f0a&file=TA_c7d67586-0855-405b-8d4b-cf5142444f0a.csv,1 août 2026,10:04:06,1,Muamba TSHIBANDA,6,lm Lomami,110,lm Kanda Kanda,514,lm Kabwela Centre Hospitalier,6-110-514,6-110-514-FA,-6.8975778,23.4980285,959.6,4.6,mois_7,an2026,54,50,104,4,100,104,4,100,104,0,0,0,0,0,0,0,0,0,54,50,104,4,100,104,4,100,104,0,0,0,0,0,0,0,0,0,0,0,0,0,0,0,0,0,0,0,0,0,6,7,13,3,10,13,0,0,0,0,0,0,2,4,6,0,6,6,2,4,6,0,6,6,4,3,13,0,0,0,0,0,0,1,0,1,1,1,1,0,1,0,0,3,3,6,6,0,0,0,0,0,0,0,0,0,0,0,0,0,0,0,0,0,0,0,0,0,0,0,0,0,0,0,0,0,0,8,6,14,14,0,14,0,0,0,0,0,0,0,0,0,0,0,0,0,0,0,0,0,0,8,6,14,14,0,14,0,0,0,0,0,0,0,0,0,0,0,0,14,0,0,0,14,0,14,0,0,0,0,0,0,0,0,0,0,0,0,0,0,0,0,0,0,0,0,0,0,0,0,0,0,0,0,0,0,uuid:c7d67586-0855-405b-8d4b-cf5142444f0a,6-110-514-FA,26328176,uuid:c7d67586-0855-405b-8d4b-cf5142444f0a
1 août 2026 10:24:15,29 juil. 2026 17:10:55,1 août 2026 10:02:56,351331876026786,630860140348107,89243841181070781076,,posaf2026,3961,66.01666666666667,,,https://posaf.surveycto.com/view/submission-attachment/?uuid=uuid%3Aa11f7c2c-e769-44b8-b9fd-8c138aa6dc1d&file=TA_a11f7c2c-e769-44b8-b9fd-8c138aa6dc1d.csv,1 août 2026,09:05:49,1,MUAMBA,6,lm Lomami,110,lm Kanda Kanda,514,lm Kabwela Centre Hospitalier,6-110-514,6-110-514-FA,-6.8975786,23.4979881,932.9,4.9,mois_7,an2026,54,50,104,4,100,104,4,100,104,0,0,0,0,0,0,0,0,0,54,50,104,4,100,104,4,100,104,0,0,0,0,0,0,0,0,0,0,0,0,0,0,0,0,0,0,0,0,0,6,7,13,3,10,13,0,0,0,0,0,0,2,4,6,0,6,6,2,4,6,0,6,6,4,3,13,0,0,0,0,0,0,0,1,1,1,1,1,0,1,0,0,2,4,6,6,0,0,0,0,0,0,0,0,0,0,0,0,0,0,0,0,0,0,0,0,0,0,0,0,0,0,0,0,0,0,8,6,14,14,0,14,0,0,0,0,0,0,0,0,0,0,0,0,0,0,0,0,0,0,8,6,14,14,0,14,0,0,0,0,0,0,0,0,0,0,0,0,14,8,6,14,14,0,14,0,0,0,0,0,0,0,0,0,0,0,0,0,0,0,0,0,0,0,0,0,0,0,0,0,0,0,0,0,0,uuid:a11f7c2c-e769-44b8-b9fd-8c138aa6dc1d,6-110-514-FA,26328176,uuid:a11f7c2c-e769-44b8-b9fd-8c138aa6dc1d
1 août 2026 10:32:22,24 juil. 2026 11:21:59,1 août 2026 10:01:47,d39b286ced2f0cd1,,,,posaf2026,5937,98.95,,,https://posaf.surveycto.com/view/submission-attachment/?uuid=uuid%3A3a5faa2a-7dd3-42df-8161-79739fd1444b&file=TA_3a5faa2a-7dd3-42df-8161-79739fd1444b.csv,1 août 2026,08:39:19,1,TShinuiShi Ilunga jean marie,6,lm Lomami,113,lm Luputa,538,lm Masonzo Centre de Santé,6-113-538,6-113-538-FA,-7.505868,23.779991,933.1,1.7,mois_7,an2026,6,4,10,2,8,10,1,9,10,0,0,0,0,0,0,0,0,0,16,11,27,5,22,27,6,21,27,0,0,0,0,0,0,0,0,0,11,16,27,5,22,27,0,0,0,0,0,0,6,4,10,2,8,10,0,0,0,0,0,0,2,2,4,0,4,4,2,2,4,0,4,4,3,3,10,0,0,0,0,1,0,1,1,0,0,0,1,0,0,0,0,2,2,4,4,0,0,0,0,0,0,0,0,0,0,0,0,0,0,0,0,0,0,0,0,0,0,0,0,0,0,0,0,0,0,0,0,0,0,0,0,0,0,0,0,0,0,0,0,0,0,0,0,2,1,3,3,0,3,0,0,0,0,0,0,0,0,0,0,0,0,2,1,3,3,0,3,3,0,0,0,0,0,0,0,0,0,0,0,0,0,0,0,0,0,0,0,0,0,0,0,0,0,0,0,0,0,0,0,0,0,0,0,0,uuid:3a5faa2a-7dd3-42df-8161-79739fd1444b,6-113-538-FA,26328176,uuid:3a5faa2a-7dd3-42df-8161-79739fd1444b
1 août 2026 12:02:46,1 août 2026 07:27:33,1 août 2026 11:09:08,a00d9a91b81d672c,,,,posaf2026,2054,34.233333333333334,,,https://posaf.surveycto.com/view/submission-attachment/?uuid=uuid%3A8fb21e07-725f-48fd-aa67-76229c0b201a&file=TA_8fb21e07-725f-48fd-aa67-76229c0b201a.csv,31 juil. 2026,07:27:57,1,MULENGA MULENGA SYLVAIN,6,lm Lomami,109,lm Kamiji,512,lm Malenga Centre de Santé,6-109-512,6-109-512-FA,-6.791123,23.2356812,927.2,1.5,mois_7,an2026,3,4,7,1,6,7,5,2,7,0,0,0,0,0,0,0,0,0,0,0,0,0,0,0,0,0,0,0,0,0,0,0,0,0,0,0,29,32,61,7,54,61,0,0,0,0,0,0,3,4,7,1,6,7,0,0,0,0,0,0,2,1,3,0,3,3,2,1,3,0,3,3,2,2,7,0,0,0,0,0,0,1,0,0,0,1,1,0,0,0,0,2,1,3,3,0,0,0,0,0,0,0,0,0,0,0,0,0,0,0,0,0,0,0,0,0,0,0,0,0,0,0,0,0,0,10,16,26,7,19,26,0,0,0,0,0,0,0,0,0,0,0,0,0,0,0,0,0,0,3,4,7,7,0,7,0,0,0,0,0,0,0,0,0,0,0,0,7,3,4,7,7,0,7,0,0,0,0,0,0,0,0,0,0,0,0,3,4,7,7,0,7,0,0,0,0,0,0,0,0,0,0,0,0,uuid:8fb21e07-725f-48fd-aa67-76229c0b201a,6-109-512-FA,26328176,uuid:8fb21e07-725f-48fd-aa67-76229c0b201a
2 août 2026 16:58:23,2 août 2026 16:09:03,2 août 2026 16:56:17,9fbbcc8c4471e55a,,,,posaf2026,2129,35.483333333333334,,,https://posaf.surveycto.com/view/submission-attachment/?uuid=uuid%3Ad89c9834-343e-48ad-b7df-369ff6b3b50d&file=TA_d89c9834-343e-48ad-b7df-369ff6b3b50d.csv,30 juin 2026,16:09:15,1,BUKASA TSHIAMA SALOMON,6,lm Lomami,110,lm Kanda Kanda,516,lm Kanda kanda Hôpital Général de Référence,6-110-516,6-110-516-FA,-7.0218248,23.4492914,560.3,1.4,mois_6,an2026,64,71,135,15,120,135,22,113,135,0,0,0,0,0,0,0,0,0,0,0,0,0,0,0,0,0,0,0,0,0,0,0,0,0,0,0,64,71,135,15,120,135,0,0,0,0,0,0,64,71,135,15,120,135,0,0,0,0,0,0,2,3,5,1,4,5,2,3,5,1,4,5,1,2,8,0,0,1,1,0,0,0,2,0,1,1,0,2,0,0,0,4,4,8,8,0,0,0,0,0,0,0,0,0,0,0,0,0,0,0,0,0,0,2,3,5,1,4,5,0,0,0,0,0,0,0,0,0,0,0,0,0,0,0,0,0,0,0,0,0,0,0,0,0,0,0,0,0,0,0,0,0,0,0,0,0,0,0,0,0,0,0,0,0,0,0,0,0,0,0,0,0,0,0,0,0,0,0,0,0,0,0,0,0,0,0,0,0,0,0,0,0,0,0,0,0,0,0,0,0,0,0,0,0,uuid:d89c9834-343e-48ad-b7df-369ff6b3b50d,6-110-516-FA,26328176,uuid:d89c9834-343e-48ad-b7df-369ff6b3b50d
3 août 2026 08:29:16,1 août 2026 21:26:40,3 août 2026 08:28:03,d39b286ced2f0cd1,,,,posaf2026,4859,80.98333333333333,,,https://posaf.surveycto.com/view/submission-attachment/?uuid=uuid%3Af9cbf768-172b-4028-8e01-4cda7edc2b39&file=TA_f9cbf768-172b-4028-8e01-4cda7edc2b39.csv,1 août 2026,21:26:50,1,TShinuiShi Ilunga jean marie,6,lm Lomami,113,lm Luputa,538,lm Masonzo Centre de Santé,6-113-538,6-113-538-FA,-7.5053712,23.7804554,724.3,2.3,mois_6,an2026,6,4,10,2,8,10,9,1,10,0,0,0,0,0,0,0,0,0,18,22,40,5,35,40,10,30,40,0,0,0,0,0,0,0,0,0,18,22,40,5,35,40,0,0,0,0,0,0,6,4,10,2,8,10,0,0,0,0,0,0,2,3,5,0,5,5,2,3,5,0,5,5,3,2,10,0,0,0,0,1,0,1,1,0,1,0,1,0,0,0,0,2,3,5,5,0,0,0,0,0,0,0,0,0,0,0,0,0,0,0,0,0,0,0,0,0,0,0,0,0,0,0,0,0,0,0,0,0,0,0,0,0,0,0,0,0,0,0,0,0,0,0,0,0,0,0,0,0,0,0,0,0,0,0,0,0,0,0,0,0,0,0,0,0,0,0,0,0,0,0,0,0,0,0,0,0,0,0,0,0,0,0,0,0,0,0,0,0,0,0,0,0,0,0,0,0,0,0,0,0,0,0,0,0,uuid:f9cbf768-172b-4028-8e01-4cda7edc2b39,6-113-538-FA,26328176,uuid:f9cbf768-172b-4028-8e01-4cda7edc2b39
4 août 2026 12:23:15,27 juil. 2026 16:14:18,4 août 2026 12:20:20,dcd3baa49acfa027,,,0856273754,posaf2026,1348,22.466666666666665,,,https://posaf.surveycto.com/view/submission-attachment/?uuid=uuid%3Aea83a09d-2e05-4e07-9bf3-6016fe77ef2e&file=TA_ea83a09d-2e05-4e07-9bf3-6016fe77ef2e.csv,4 août 2026,10:14:55,1,Chenge bienvenu,1,hk Haut Katanga,6,hk Kasenga,23,hk Kabyasha Centre de Santé,1-6-23,1-6-23-FA,-10.2899634,28.124356,1019.8,2.7,mois_7,an2026,2,0,2,1,1,2,1,1,2,0,0,0,0,0,0,0,0,0,0,0,0,0,0,0,0,0,0,0,0,0,0,0,0,0,0,0,2,0,2,1,1,2,0,0,0,0,0,0,0,0,0,0,0,0,0,0,0,0,0,0,2,0,2,1,1,2,0,0,0,0,0,0,0,0,0,0,0,0,0,0,0,0,0,0,0,0,0,0,0,0,0,0,0,0,0,0,0,0,0,0,0,0,0,0,0,0,0,0,0,0,0,0,0,0,0,0,0,0,0,0,0,0,0,0,0,0,0,0,0,0,0,0,0,0,0,0,0,0,0,0,0,0,0,0,0,0,0,0,0,0,0,0,0,0,0,0,0,0,0,0,0,0,0,0,0,0,0,0,0,0,0,0,0,0,0,0,0,0,0,0,0,0,0,0,0,0,0,0,0,0,0,0,0,0,0,0,0,0,0,0,0,0,0,0,uuid:ea83a09d-2e05-4e07-9bf3-6016fe77ef2e,1-6-23-FA,26328176,uuid:ea83a09d-2e05-4e07-9bf3-6016fe77ef2e
4 août 2026 13:01:03,4 août 2026 12:46:57,4 août 2026 13:00:39,8c1d045f542ed8ae,,,,posaf2026,758,12.633333333333333,,,https://posaf.surveycto.com/view/submission-attachment/?uuid=uuid%3A333885fc-38e0-4223-b99f-48ff6b5d345f&file=TA_333885fc-38e0-4223-b99f-48ff6b5d345f.csv,4 août 2026,12:47:01,4,John NDAY,2,hl Haut Lomami,35,hl Kayamba,139,hl Mombela Centre de Santé,2-35-139,2-35-139-FA,-6.8498058,25.0526644,920.6,4.6,mois_7,an2026,99,102,201,27,174,201,201,0,201,0,0,0,0,0,0,0,0,0,7,11,18,0,18,18,18,0,18,0,0,0,0,0,0,0,0,0,7,11,18,0,18,18,0,0,0,0,0,0,2,1,3,0,3,3,0,0,0,0,0,0,3,0,3,0,3,3,3,0,3,0,3,3,2,0,3,0,0,0,0,1,1,1,0,0,0,0,0,0,0,0,0,2,1,3,3,0,0,0,0,0,0,0,0,0,0,0,0,0,0,0,0,0,0,0,0,0,0,0,0,0,0,0,0,0,0,3,4,7,2,7,9,3,4,7,2,5,7,0,0,0,0,0,0,0,0,0,0,0,0,3,4,7,2,5,7,0,0,0,0,0,0,0,0,0,0,0,0,7,3,4,7,2,5,7,0,0,0,0,0,0,0,0,0,0,0,0,3,4,7,2,5,7,0,0,0,0,0,0,0,0,0,0,0,0,uuid:333885fc-38e0-4223-b99f-48ff6b5d345f,2-35-139-FA,26328176,uuid:333885fc-38e0-4223-b99f-48ff6b5d345f
4 août 2026 13:01:04,4 août 2026 12:30:37,4 août 2026 12:46:47,8c1d045f542ed8ae,,,,posaf2026,970,16.166666666666668,,,https://posaf.surveycto.com/view/submission-attachment/?uuid=uuid%3Ad236a3ec-762c-4b56-ad44-56e9227bfb3d&file=TA_d236a3ec-762c-4b56-ad44-56e9227bfb3d.csv,4 août 2026,12:30:42,4,John nday,2,hl Haut Lomami,35,hl Kayamba,138,hl Kayamba Hôpital Général de Référence,2-35-138,2-35-138-FA,-6.8498041,25.0527746,926.8,4.7,mois_7,an2026,30,44,74,35,39,74,74,0,74,0,0,0,0,0,0,0,0,0,12,11,23,4,19,23,23,0,23,0,0,0,0,0,0,0,0,0,12,11,23,4,19,23,0,0,0,0,0,0,3,4,7,3,4,7,3,4,7,3,4,7,3,4,7,3,3,6,0,2,2,0,2,2,3,2,7,0,1,2,0,1,0,0,0,0,2,0,1,0,0,0,0,3,4,7,7,0,0,0,0,0,0,0,0,0,0,0,0,0,0,0,0,0,0,0,2,2,0,2,2,0,0,0,0,0,0,0,0,0,0,0,0,0,0,0,0,0,0,0,0,0,0,0,0,0,0,0,0,0,0,0,0,0,0,0,0,0,0,0,0,0,0,0,0,0,0,0,0,0,0,0,0,0,0,0,0,0,0,0,0,0,0,0,0,0,0,0,0,0,0,0,0,0,0,0,0,0,0,0,0,0,0,0,0,0,uuid:d236a3ec-762c-4b56-ad44-56e9227bfb3d,2-35-138-FA,26328176,uuid:d236a3ec-762c-4b56-ad44-56e9227bfb3d
4 août 2026 15:40:56,4 août 2026 12:35:19,4 août 2026 15:40:33,2b018e4cf236bdd6,,,,posaf2026,3416,56.93333333333333,,,https://posaf.surveycto.com/view/submission-attachment/?uuid=uuid%3A80381b5c-e89e-40b2-a704-295c5213c43d&file=TA_80381b5c-e89e-40b2-a704-295c5213c43d.csv,30 juin 2026,10:34:17,1,KINFWEMBE TAILOSHI  VIVIANE,1,hk Haut Katanga,13,hk Kipushi,48,hk Cinquantenaire Hôpital,1-13-48,1-13-48-FA,-11.75629,27.2673477,1320.7,4.7,mois_6,an2026,3,0,3,2,1,3,3,0,3,0,0,0,0,0,0,0,0,0,7,6,13,3,10,13,9,4,13,7,6,13,3,10,13,9,4,13,7,6,13,3,10,13,7,6,13,3,10,13,3,0,3,2,1,3,0,0,0,0,0,0,2,0,2,1,1,2,2,0,2,1,1,2,0,1,3,1,0,0,0,0,0,0,0,1,0,0,0,0,0,0,0,2,0,2,2,1,0,1,0,0,0,0,0,0,0,0,0,0,0,0,0,0,0,0,0,0,0,0,0,0,0,0,0,0,0,0,0,0,0,0,0,0,0,0,0,0,0,0,0,0,0,0,0,0,0,0,0,0,0,0,0,0,0,0,0,0,0,0,0,0,0,0,0,0,0,0,0,0,0,0,0,0,0,0,0,0,0,0,0,0,0,0,0,0,0,0,0,0,0,0,0,0,0,0,0,0,0,0,0,0,0,0,0,0,uuid:80381b5c-e89e-40b2-a704-295c5213c43d,1-13-48-FA,26328176,uuid:80381b5c-e89e-40b2-a704-295c5213c43d
4 août 2026 17:38:47,2 août 2026 17:13:06,4 août 2026 17:19:14,9fbbcc8c4471e55a,,,,posaf2026,4131,68.85,,,https://posaf.surveycto.com/view/submission-attachment/?uuid=uuid%3Aaee657dd-7968-44d1-a31b-400d08e3f7e7&file=TA_aee657dd-7968-44d1-a31b-400d08e3f7e7.csv,30 juil. 2026,17:13:32,1,BUKASA TSHIAMA SALOMON,6,lm Lomami,110,lm Kanda Kanda,516,lm Kanda kanda Hôpital Général de Référence,6-110-516,6-110-516-FA,-6.9342945,23.5991021,834.0,0.6,mois_7,an2026,64,91,155,27,128,155,26,129,155,0,0,0,0,0,0,0,0,0,0,0,0,0,0,0,0,0,0,0,0,0,0,0,0,0,0,0,64,91,155,27,128,155,0,0,0,0,0,0,64,91,155,27,128,155,0,0,0,0,0,0,2,2,4,0,4,4,2,2,4,0,4,4,2,3,9,0,0,2,0,1,3,2,0,0,0,1,0,0,0,0,0,6,3,9,9,0,0,0,0,0,0,0,0,0,0,0,0,0,0,0,0,0,0,0,0,0,0,0,0,0,0,0,0,0,0,0,0,0,0,0,0,0,0,0,0,0,0,0,0,0,0,0,0,7,6,13,6,7,13,0,0,0,0,0,0,0,0,0,0,0,0,4,2,6,6,0,6,6,0,0,0,0,0,0,0,0,0,0,0,0,0,0,0,0,0,0,0,0,0,0,0,0,0,0,0,0,0,0,0,0,0,0,0,0,uuid:aee657dd-7968-44d1-a31b-400d08e3f7e7,6-110-516-FA,26328176,uuid:aee657dd-7968-44d1-a31b-400d08e3f7e7
5 août 2026 13:18:15,5 août 2026 11:19:31,5 août 2026 13:17:51,d1a9c50e4a2a0c34,,,,posaf2026,3604,60.06666666666667,,,https://posaf.surveycto.com/view/submission-attachment/?uuid=uuid%3Aff001ef2-3a97-4f01-93ed-7cb7488c8139&file=TA_ff001ef2-3a97-4f01-93ed-7cb7488c8139.csv,5 août 2026,11:20:37,1,Alice kabamba,1,hk Haut Katanga,13,hk Kipushi,52,hk Tumbwe Hôpital,1-13-52,1-13-52-FA,-11.4796042,27.3839331,1331.1,2.6,mois_7,an2026,12,18,30,6,24,30,17,13,30,12,18,30,6,24,30,17,13,30,12,18,30,6,24,30,17,13,30,0,0,0,0,0,0,0,0,0,12,18,30,6,24,30,1,1,2,0,0,0,3,2,5,0,5,5,1,0,1,0,1,1,3,2,5,0,5,5,3,2,5,0,5,5,1,2,7,0,0,1,0,1,2,0,0,0,0,1,0,1,0,1,0,5,2,7,7,1,1,2,0,2,2,1,1,2,0,2,2,1,1,2,0,2,2,2,2,4,0,4,4,0,0,0,0,0,0,0,0,0,0,0,0,0,0,0,0,0,0,0,1,1,0,1,1,0,0,0,0,0,0,0,0,0,0,0,0,0,1,1,0,1,1,0,0,0,0,0,0,1,0,0,0,0,0,0,0,0,0,0,0,0,0,0,0,0,0,0,0,0,0,0,0,0,0,0,0,0,0,0,0,0,0,0,0,0,uuid:ff001ef2-3a97-4f01-93ed-7cb7488c8139,1-13-52-FA,26328176,uuid:ff001ef2-3a97-4f01-93ed-7cb7488c8139
5 août 2026 14:26:23,5 août 2026 13:19:51,5 août 2026 14:25:46,d1a9c50e4a2a0c34,,,,posaf2026,2602,43.36666666666667,,,https://posaf.surveycto.com/view/submission-attachment/?uuid=uuid%3A0ab8891c-3929-4faf-8479-8ef13b82f734&file=TA_0ab8891c-3929-4faf-8479-8ef13b82f734.csv,5 août 2026,13:19:31,1,Alice kabamba,1,hk Haut Katanga,13,hk Kipushi,52,hk Tumbwe Hôpital,1-13-52,1-13-52-FA,-11.4792681,27.3839046,1327.8,2.6,,,12,17,29,6,23,29,16,13,29,1,0,1,0,1,1,1,0,1,1,0,1,0,1,1,1,0,1,0,0,0,0,0,0,0,0,0,12,17,29,6,23,29,1,1,2,0,0,0,3,2,5,0,5,5,1,0,1,0,1,1,3,2,5,0,5,5,3,2,5,0,5,5,1,2,7,0,0,1,0,1,20,0,0,0,0,1,0,1,0,1,0,5,20,25,25,1,1,2,0,2,2,1,1,2,0,2,2,1,1,2,0,2,2,2,2,4,0,4,4,0,0,0,0,0,0,0,0,0,0,0,0,0,0,0,0,0,0,0,1,1,0,1,1,0,0,0,0,0,0,0,0,0,0,0,0,0,1,1,0,1,1,0,0,0,0,0,0,1,0,0,0,0,0,0,0,0,0,0,0,0,0,0,0,0,0,0,0,0,0,0,0,0,0,0,0,0,0,0,0,0,0,0,0,0,uuid:0ab8891c-3929-4faf-8479-8ef13b82f734,1-13-52-FA,26328176,uuid:0ab8891c-3929-4faf-8479-8ef13b82f734
5 août 2026 14:46:42,5 août 2026 12:27:51,5 août 2026 14:46:39,bb5b036b3b67bc12,,,,posaf2026,5013,83.55,,,https://posaf.surveycto.com/view/submission-attachment/?uuid=uuid%3A7fc8a467-e812-4eb2-8ea3-f86bd4463dd8&file=TA_7fc8a467-e812-4eb2-8ea3-f86bd4463dd8.csv,5 août 2026,12:28:10,2,Kabutula mpanga Justine,1,hk Haut Katanga,13,hk Kipushi,52,hk Tumbwe Hôpital,1-13-52,1-13-52-FA,-11.479534,27.3839215,1321.0,6.7,mois_6,an2026,6,7,13,0,13,13,10,3,13,0,0,0,0,0,0,0,0,0,6,7,13,0,13,13,10,3,13,0,0,0,0,0,0,0,0,0,6,7,13,0,13,13,0,0,0,0,0,0,2,0,2,0,2,2,0,0,0,0,0,0,2,0,2,0,2,2,2,0,2,0,2,2,0,1,3,0,0,1,0,1,0,1,0,0,0,0,0,0,0,0,0,3,0,3,3,0,0,0,0,0,0,0,0,0,0,0,0,0,0,0,0,0,0,0,0,0,0,0,0,0,0,0,0,0,0,0,0,0,0,0,0,0,0,0,0,0,0,0,0,0,0,0,0,0,0,0,0,0,0,0,0,0,0,0,0,0,0,0,0,0,0,0,0,0,0,0,0,0,0,0,0,0,0,0,0,0,0,0,0,0,0,0,0,0,0,0,0,0,0,0,0,0,0,0,0,0,0,0,0,0,0,0,0,0,uuid:7fc8a467-e812-4eb2-8ea3-f86bd4463dd8,1-13-52-FA,26328176,uuid:7fc8a467-e812-4eb2-8ea3-f86bd4463dd8
5 août 2026 18:37:23,5 août 2026 17:26:17,5 août 2026 18:06:51,bb42ce06e14c1079,,,,posaf2026,2263,37.71666666666667,,,https://posaf.surveycto.com/view/submission-attachment/?uuid=uuid%3Afbfa2cc3-d9cc-4caf-a396-d3292a1d3b0f&file=TA_fbfa2cc3-d9cc-4caf-a396-d3292a1d3b0f.csv,5 août 2026,17:26:27,1,Dominique,1,hk Haut Katanga,13,hk Kipushi,49,hk Gécamines Hôpital,1-13-49,1-13-49-FA,-11.6940696,27.3850724,1153.4,2.4,mois_6,an2026,2,3,5,0,5,5,4,1,5,0,0,0,0,0,0,0,0,0,11,9,20,3,17,20,18,2,20,0,0,0,0,0,0,0,0,0,11,9,20,3,17,20,11,9,20,3,17,20,2,3,5,0,5,5,0,0,0,0,0,0,2,2,4,0,4,4,2,2,4,0,4,4,0,1,5,0,0,0,0,0,0,0,0,0,0,0,0,0,0,0,0,0,0,0,0,0,0,0,0,0,0,0,0,0,0,0,0,0,0,0,0,0,0,2,0,2,0,0,0,0,0,0,0,0,0,0,0,0,0,0,0,0,0,0,0,0,0,0,1,1,0,1,1,0,0,0,0,0,0,0,0,0,0,0,0,0,0,0,0,0,0,0,0,0,0,0,0,0,0,0,0,0,0,0,0,0,0,0,0,0,0,0,0,0,0,0,0,0,0,0,0,0,0,0,0,0,0,0,0,0,0,0,0,0,uuid:fbfa2cc3-d9cc-4caf-a396-d3292a1d3b0f,1-13-49-FA,26328176,uuid:fbfa2cc3-d9cc-4caf-a396-d3292a1d3b0f
5 août 2026 18:37:23,5 août 2026 18:08:12,5 août 2026 18:35:53,bb42ce06e14c1079,,,,posaf2026,1585,26.416666666666668,,,https://posaf.surveycto.com/view/submission-attachment/?uuid=uuid%3A67e4bbfc-e9f3-4a78-9641-093b5f6fb609&file=TA_67e4bbfc-e9f3-4a78-9641-093b5f6fb609.csv,5 août 2026,18:10:29,1,Dominique,1,hk Haut Katanga,13,hk Kipushi,49,hk Gécamines Hôpital,1-13-49,1-13-49-FA,-11.6929829,27.3838897,1184.1,1.4,mois_7,an2026,10,7,17,0,17,17,17,0,17,3,2,5,0,5,5,5,0,5,3,2,5,0,5,5,5,0,5,0,0,0,0,0,0,0,0,0,10,7,17,0,17,17,0,0,0,0,0,0,5,0,5,0,5,5,0,0,0,0,0,0,5,0,5,0,5,5,5,0,5,0,5,5,0,0,5,0,0,0,0,0,0,0,0,3,0,0,0,1,0,1,0,5,0,5,5,0,0,0,0,0,0,0,0,0,0,0,0,0,0,0,0,0,0,5,0,5,0,5,5,0,0,0,0,0,0,0,0,0,0,0,0,0,0,0,0,0,0,0,0,0,0,0,0,0,0,0,0,0,0,0,0,0,0,0,0,0,0,0,0,0,0,0,0,0,0,0,0,0,0,0,0,0,0,0,0,0,0,0,0,0,0,0,0,0,0,0,0,0,0,0,0,0,0,0,0,0,0,0,0,0,0,0,0,0,uuid:67e4bbfc-e9f3-4a78-9641-093b5f6fb609,1-13-49-FA,26328176,uuid:67e4bbfc-e9f3-4a78-9641-093b5f6fb609
5 août 2026 19:07:51,5 août 2026 11:19:30,5 août 2026 19:07:49,bb5b036b3b67bc12,,,,posaf2026,1887,31.45,,,https://posaf.surveycto.com/view/submission-attachment/?uuid=uuid%3A0ecf7e4b-842f-4156-bb76-9e324461abaa&file=TA_0ecf7e4b-842f-4156-bb76-9e324461abaa.csv,5 août 2026,11:20:10,2,Kabutula mpanga Justine,1,hk Haut Katanga,13,hk Kipushi,52,hk Tumbwe Hôpital,1-13-52,1-13-52-FA,-11.479511,27.3838,0.0,116.1,mois_6,an2026,0,0,0,0,0,0,0,0,0,0,0,0,0,0,0,0,0,0,0,0,0,0,0,0,0,0,0,0,0,0,0,0,0,0,0,0,6,7,13,0,13,13,0,0,0,0,0,0,1,0,1,0,1,1,0,0,0,0,0,0,1,0,1,0,0,0,1,0,1,0,0,0,0,0,0,0,0,0,0,1,0,0,0,0,0,0,0,0,0,0,0,1,0,1,1,0,0,0,0,0,0,0,0,0,0,0,0,0,0,0,0,0,0,0,0,0,0,0,0,0,0,0,0,0,0,0,0,0,0,0,0,0,0,0,0,0,0,0,0,0,0,0,0,0,0,0,0,0,0,0,0,0,0,0,0,0,0,0,0,0,0,0,0,0,0,0,0,0,0,0,0,0,0,0,0,0,0,0,0,0,0,0,0,0,0,0,0,0,0,0,0,0,0,0,0,0,0,0,0,0,0,0,0,0,uuid:0ecf7e4b-842f-4156-bb76-9e324461abaa,1-13-52-FA,26328176,uuid:0ecf7e4b-842f-4156-bb76-9e324461abaa
5 août 2026 20:42:55,5 août 2026 07:42:19,5 août 2026 19:24:55,811e384805fdc0ee,,,,posaf2026,2947,49.11666666666667,,,https://posaf.surveycto.com/view/submission-attachment/?uuid=uuid%3A25eee30b-240f-4281-9e8f-1f6cb24f0c80&file=TA_25eee30b-240f-4281-9e8f-1f6cb24f0c80.csv,5 août 2026,13:24:44,4,FRANCK NKULU,1,hk Haut Katanga,25,hk Sakania,95,hk Kasumbalesa Douane Centre de Santé de Référence,1-25-95,1-25-95-FA,,,,,mois_6,an2026,23,13,36,3,33,36,36,0,36,3,0,3,0,3,3,3,0,3,80,52,132,25,107,132,120,12,132,3,0,3,0,3,3,3,0,3,80,52,132,25,107,132,80,52,132,25,107,132,23,13,36,3,33,36,0,0,0,0,0,0,23,13,36,3,33,36,23,13,36,3,33,36,0,0,36,0,0,2,1,5,2,5,4,6,3,2,2,1,0,2,1,23,13,36,36,23,13,36,3,33,36,0,0,0,0,0,0,0,0,0,0,0,0,0,0,0,0,0,0,0,0,0,0,0,0,8,4,12,12,0,12,0,0,0,0,0,0,35,20,55,5,50,55,0,0,0,0,0,0,8,4,12,12,0,12,35,20,55,5,50,55,0,0,0,0,0,0,12,8,4,12,12,0,12,35,20,55,5,50,55,0,0,0,0,0,0,8,4,12,12,0,12,0,0,0,0,0,0,0,0,0,0,0,0,uuid:25eee30b-240f-4281-9e8f-1f6cb24f0c80,1-25-95-FA,26328176,uuid:25eee30b-240f-4281-9e8f-1f6cb24f0c80
5 août 2026 20:42:56,5 août 2026 19:40:24,5 août 2026 20:42:43,811e384805fdc0ee,,,,posaf2026,3200,53.333333333333336,,,https://posaf.surveycto.com/view/submission-attachment/?uuid=uuid%3Acd138fee-dc0b-48ee-8af8-5946634be423&file=TA_cd138fee-dc0b-48ee-8af8-5946634be423.csv,5 août 2026,19:40:41,4,FRANCK NKULU,1,hk Haut Katanga,25,hk Sakania,95,hk Kasumbalesa Douane Centre de Santé de Référence,1-25-95,1-25-95-FA,,,,,mois_7,an2026,46,14,60,11,49,60,54,6,60,0,0,0,0,0,0,0,0,0,90,51,141,21,120,141,126,15,141,0,0,0,0,0,0,0,0,0,90,51,141,21,120,141,90,51,141,21,120,141,43,14,57,8,49,57,0,0,0,0,0,0,43,14,57,8,49,57,43,14,57,8,49,57,0,3,60,2,0,6,3,5,3,6,2,14,3,8,1,3,2,2,0,46,14,60,60,0,0,0,0,0,0,0,0,0,0,0,0,0,0,0,0,0,0,0,0,0,0,0,0,0,0,0,0,0,0,2,0,2,2,0,2,2,0,2,2,0,2,25,15,40,0,40,40,0,0,0,0,0,0,0,0,0,0,0,0,0,0,0,0,0,0,0,0,0,0,0,0,0,0,0,0,0,0,0,0,0,0,0,0,0,0,0,0,0,0,0,0,0,0,0,0,0,0,0,0,0,0,0,0,0,0,0,0,0,uuid:cd138fee-dc0b-48ee-8af8-5946634be423,1-25-95-FA,26328176,uuid:cd138fee-dc0b-48ee-8af8-5946634be423
6 août 2026 11:23:08,4 août 2026 16:55:40,6 août 2026 11:23:00,2b018e4cf236bdd6,,,,posaf2026,2060,34.333333333333336,,,https://posaf.surveycto.com/view/submission-attachment/?uuid=uuid%3A7f733ae1-875f-4808-89ca-8af6c2f16e6a&file=TA_7f733ae1-875f-4808-89ca-8af6c2f16e6a.csv,4 août 2026,13:37:36,1,KINFWEMBE TAILOSHI VIVIANE,1,hk Haut Katanga,13,hk Kipushi,48,hk Cinquantenaire Hôpital,1-13-48,1-13-48-FA,-11.7562898,27.2673133,1286.5,4.8,mois_7,an2026,13,4,17,1,16,17,14,3,17,0,0,0,0,0,0,0,0,0,13,4,17,1,16,17,14,3,17,0,0,0,0,0,0,0,0,0,13,4,17,1,16,17,0,0,0,0,0,0,5,2,7,1,6,7,0,0,0,0,0,0,2,0,2,0,2,2,2,0,2,0,2,2,2,2,6,0,0,0,0,0,0,0,0,1,0,0,0,1,0,0,0,2,0,2,2,0,0,0,0,0,0,0,0,0,0,0,0,0,0,0,0,0,0,0,0,0,0,0,0,0,0,0,0,0,0,0,0,0,0,0,0,0,0,0,0,0,0,0,2,2,0,2,2,0,0,0,0,0,0,0,0,0,0,0,0,0,2,2,0,2,2,0,0,0,0,0,0,2,0,0,0,0,0,0,0,0,0,0,0,0,0,0,0,0,0,0,0,0,0,0,0,0,0,0,0,0,0,0,0,0,0,0,0,0,uuid:7f733ae1-875f-4808-89ca-8af6c2f16e6a,1-13-48-FA,26328176,uuid:7f733ae1-875f-4808-89ca-8af6c2f16e6a
6 août 2026 11:50:37,30 juil. 2026 15:26:13,4 août 2026 18:29:31,424baa2b58748488,,,,posaf2026,2815,46.916666666666664,,,https://posaf.surveycto.com/view/submission-attachment/?uuid=uuid%3Ae2cf445c-4e4d-4425-ad13-01fe5e803c2b&file=TA_e2cf445c-4e4d-4425-ad13-01fe5e803c2b.csv,30 juil. 2026,15:27:15,4,Honoré seya,1,hk Haut Katanga,16,hk Likasi,58,hk Kupuluka Centre de Santé de Référence,1-16-58,1-16-58-FA,-10.9660265,26.703416,0.0,300.0,mois_6,an2025,6,4,10,1,9,10,5,5,10,0,0,0,0,0,0,0,0,0,0,0,0,0,0,0,0,0,0,0,0,0,0,0,0,0,0,0,6,4,10,9,1,10,0,0,0,0,0,0,0,0,0,0,0,0,0,0,0,0,0,0,0,0,0,0,0,0,0,0,0,0,0,0,0,0,0,0,0,0,0,0,0,0,0,0,0,0,0,0,0,0,0,0,0,0,0,0,0,0,0,0,0,0,0,0,0,0,0,0,0,0,0,0,0,0,0,0,0,0,0,0,0,0,0,0,0,0,0,0,0,0,0,0,0,0,0,0,0,0,0,0,0,0,0,0,0,0,0,0,0,0,0,0,0,0,0,0,0,0,0,0,0,0,0,0,0,0,0,0,0,0,0,0,0,0,0,0,0,0,0,0,0,0,0,0,0,0,0,0,0,0,0,0,0,0,0,0,0,0,0,0,0,0,0,0,uuid:e2cf445c-4e4d-4425-ad13-01fe5e803c2b,1-16-58-FA,26328176,uuid:e2cf445c-4e4d-4425-ad13-01fe5e803c2b
6 août 2026 11:50:38,3 août 2026 12:01:43,4 août 2026 18:31:53,424baa2b58748488,,,,posaf2026,5961,99.35,,,https://posaf.surveycto.com/view/submission-attachment/?uuid=uuid%3A5d4acb77-fc8c-4f9b-be0e-40082d6f5648&file=TA_5d4acb77-fc8c-4f9b-be0e-40082d6f5648.csv,3 août 2026,12:02:18,4,HONORÉ SEYA MUKEBO,1,hk Haut Katanga,16,hk Likasi,59,hk Milumba Centre de Santé de Référence,1-16-59,1-16-59-FA,-10.9882122,26.7360309,1286.2,3.5,mois_6,an2025,611,572,1183,213,970,1183,1179,4,1183,14,3,17,0,17,17,17,0,17,67,34,101,13,88,101,97,4,101,14,3,17,0,17,17,17,0,17,67,34,101,13,88,101,67,34,101,13,88,101,23,14,37,0,37,37,6,4,10,0,9,9,23,13,36,0,36,36,23,13,36,0,36,36,17,9,62,0,0,0,0,6,9,18,5,2,2,10,2,5,0,3,0,44,18,62,62,0,0,0,0,0,0,0,0,0,0,0,0,0,0,0,0,0,0,23,13,36,0,36,36,0,0,0,0,0,0,44,17,61,4,57,61,0,0,0,0,0,0,1,0,1,0,1,1,0,0,0,0,0,0,2,2,4,4,0,4,1,0,1,0,1,1,0,0,0,0,0,0,5,2,2,4,4,0,4,1,0,1,0,1,1,0,0,0,0,0,0,2,2,4,4,0,4,1,0,1,0,1,1,0,0,0,0,0,0,uuid:5d4acb77-fc8c-4f9b-be0e-40082d6f5648,1-16-59-FA,26328176,uuid:5d4acb77-fc8c-4f9b-be0e-40082d6f5648
6 août 2026 11:50:38,4 août 2026 10:04:07,4 août 2026 14:51:07,424baa2b58748488,,,,posaf2026,4006,66.76666666666667,,,https://posaf.surveycto.com/view/submission-attachment/?uuid=uuid%3A01d5d630-cc28-4e8a-b4b8-0bb98b656827&file=TA_01d5d630-cc28-4e8a-b4b8-0bb98b656827.csv,4 août 2026,10:04:34,4,HONORÉ SEYA MUKEBO,1,hk Haut Katanga,16,hk Likasi,59,hk Milumba Centre de Santé de Référence,1-16-59,1-16-59-FA,-10.9878278,26.7361086,1274.1,3.2,mois_7,an2025,669,647,1316,152,1164,1316,1298,18,1316,220,38,258,247,11,258,258,0,258,79,53,132,119,13,132,125,7,132,1,5,6,0,6,6,6,0,6,79,53,132,13,119,132,79,53,132,13,119,132,24,18,42,4,38,42,2,3,5,2,3,5,23,11,34,2,32,34,23,11,34,2,32,34,5,6,42,0,1,1,2,5,2,8,4,4,2,4,2,2,2,0,3,24,18,42,42,23,11,34,2,32,34,0,0,0,0,0,0,0,0,0,0,0,0,23,11,34,2,32,34,0,0,0,0,0,0,24,18,42,4,38,42,0,0,0,0,0,0,24,18,42,4,38,42,0,0,0,0,0,0,0,0,0,0,0,0,0,0,0,0,0,0,0,0,0,0,0,0,0,0,0,0,0,0,0,0,0,0,0,0,0,0,0,0,0,0,0,0,0,0,0,0,0,0,0,0,0,0,0,0,0,0,0,0,0,uuid:01d5d630-cc28-4e8a-b4b8-0bb98b656827,1-16-59-FA,26328176,uuid:01d5d630-cc28-4e8a-b4b8-0bb98b656827
6 août 2026 11:50:39,4 août 2026 13:23:22,4 août 2026 18:30:55,424baa2b58748488,,,,posaf2026,6858,114.3,,,https://posaf.surveycto.com/view/submission-attachment/?uuid=uuid%3A5377fb8d-1ff5-4aa2-92cc-bd59a99b7cce&file=TA_5377fb8d-1ff5-4aa2-92cc-bd59a99b7cce.csv,4 août 2026,13:23:38,4,HONORÉ SEYA MUKEBO,1,hk Haut Katanga,16,hk Likasi,59,hk Milumba Centre de Santé de Référence,1-16-59,1-16-59-FA,-10.9883463,26.7360032,1309.9,1.8,mois_9,an2025,611,719,1330,227,1103,1330,1330,0,1330,164,82,246,50,196,246,246,0,246,89,49,138,10,128,138,138,0,138,11,10,21,0,21,21,21,0,21,89,49,138,10,120,130,89,49,138,10,120,130,90,41,131,15,116,131,1,0,1,0,1,1,63,22,85,9,76,85,63,22,85,9,76,85,15,15,80,0,1,3,6,8,8,10,3,15,8,6,1,5,4,3,0,50,31,81,81,0,0,0,0,0,0,0,0,0,0,0,0,0,0,0,0,0,0,0,0,0,0,0,0,0,0,0,0,0,0,16,20,36,19,17,36,0,0,0,0,0,0,0,0,0,0,0,0,0,0,0,0,0,0,1,0,1,1,0,1,0,0,0,0,0,0,0,0,0,0,0,0,1,1,0,1,1,0,1,0,0,0,0,0,0,0,0,0,0,0,0,1,0,1,1,0,1,0,0,0,0,0,0,0,0,0,0,0,0,uuid:5377fb8d-1ff5-4aa2-92cc-bd59a99b7cce,1-16-59-FA,26328176,uuid:5377fb8d-1ff5-4aa2-92cc-bd59a99b7cce
6 août 2026 11:50:39,4 août 2026 16:14:38,4 août 2026 18:31:11,424baa2b58748488,,,,posaf2026,3589,59.81666666666667,,,https://posaf.surveycto.com/view/submission-attachment/?uuid=uuid%3Afce98423-3482-4fea-8a91-66844e58f3e2&file=TA_fce98423-3482-4fea-8a91-66844e58f3e2.csv,4 août 2026,16:14:46,4,Honoré seya mukebo,1,hk Haut Katanga,16,hk Likasi,59,hk Milumba Centre de Santé de Référence,1-16-59,1-16-59-FA,-10.9881734,26.7360256,1293.5,2.6,mois_10,an2025,677,665,1342,179,1163,1342,1342,0,1342,146,73,219,55,164,219,219,0,219,75,35,110,9,101,110,110,0,110,7,3,10,0,10,10,10,0,10,75,35,110,9,101,110,75,35,110,9,101,110,40,9,49,5,44,49,6,2,8,0,8,8,31,6,37,5,32,37,31,6,37,5,32,37,8,7,52,2,0,1,2,4,2,14,2,8,2,4,1,5,1,2,1,40,11,51,51,0,0,0,0,0,0,0,0,0,0,0,0,0,0,0,0,0,0,0,0,0,0,0,0,0,0,0,0,0,0,30,21,51,26,25,51,0,0,0,0,0,0,0,0,0,0,0,0,0,0,0,0,0,0,5,2,7,7,0,7,0,0,0,0,0,0,0,0,0,0,0,0,7,5,2,7,7,0,7,0,0,0,0,0,0,0,0,0,0,0,0,5,2,7,7,0,7,0,0,0,0,0,0,0,0,0,0,0,0,uuid:fce98423-3482-4fea-8a91-66844e58f3e2,1-16-59-FA,26328176,uuid:fce98423-3482-4fea-8a91-66844e58f3e2
6 août 2026 12:50:31,25 juil. 2026 14:18:37,6 août 2026 12:48:27,61d1f5d818eec5c2,,,,posaf2026,3194,53.233333333333334,,,https://posaf.surveycto.com/view/submission-attachment/?uuid=uuid%3A88fdce81-8709-424b-8932-b4d0f9c6bf5a&file=TA_88fdce81-8709-424b-8932-b4d0f9c6bf5a.csv,6 juil. 2026,14:19:02,1,Mb0sh0 Miano Maximien,4,kr Kasai Central,66,kr Bena Tshadi,318,kr Bena Tshadi Hôpital Général de Référence,4-66-318,4-66-318-FA,-4.6725701,22.8237712,0.0,1800.0,,,5,3,8,1,7,8,7,1,8,0,0,0,0,0,0,0,0,0,5,3,8,1,7,8,8,0,8,5,3,8,1,7,8,8,0,8,0,0,0,0,0,0,0,0,0,0,0,0,0,0,0,0,0,0,5,3,8,1,7,8,0,0,0,0,0,0,0,0,0,0,0,0,0,0,0,0,0,0,1,0,0,4,1,1,0,0,0,0,1,0,0,5,3,8,8,0,0,0,0,0,0,0,0,0,0,0,0,0,0,0,0,0,0,0,0,0,0,0,0,0,0,0,0,0,0,0,0,0,0,0,0,0,0,0,0,0,0,0,0,0,0,0,0,0,0,0,0,0,0,0,0,0,0,0,0,0,0,0,0,0,0,0,0,0,0,0,0,0,0,0,0,0,0,0,0,0,0,0,0,0,0,0,0,0,0,0,0,0,0,0,0,0,0,0,0,0,0,0,0,0,0,0,0,0,uuid:88fdce81-8709-424b-8932-b4d0f9c6bf5a,4-66-318-FA,26328176,uuid:88fdce81-8709-424b-8932-b4d0f9c6bf5a
6 août 2026 13:45:56,6 août 2026 12:15:35,6 août 2026 13:45:46,424baa2b58748488,,,,posaf2026,3680,61.333333333333336,,,https://posaf.surveycto.com/view/submission-attachment/?uuid=uuid%3Ace05eaa5-1b41-4d08-9cab-c10e6f99d786&file=TA_ce05eaa5-1b41-4d08-9cab-c10e6f99d786.csv,6 août 2026,12:15:41,4,SEYA MUKEBO HONORE,1,hk Haut Katanga,16,hk Likasi,59,hk Milumba Centre de Santé de Référence,1-16-59,1-16-59-FA,-10.9880095,26.7360707,1287.0,3.4,mois_11,an2025,601,605,1206,167,1039,1206,1206,0,1206,6,6,12,1,11,12,12,0,12,37,33,70,12,58,70,70,0,70,6,6,12,1,11,12,12,0,12,37,33,70,12,58,70,37,33,70,12,58,70,21,18,39,5,34,39,6,6,12,2,10,12,9,6,15,2,14,16,9,6,15,2,14,16,12,12,39,2,0,0,2,3,7,7,2,5,2,2,3,2,0,0,2,21,18,39,39,1,0,1,0,1,1,1,0,1,0,1,1,1,0,1,0,1,1,1,0,1,0,1,1,1,0,1,0,1,1,16,10,26,2,24,26,0,0,0,0,0,0,0,0,0,0,0,0,0,0,0,0,0,0,0,0,0,0,0,0,0,0,0,0,0,0,0,0,0,0,0,0,0,0,0,0,0,0,0,0,0,0,0,0,0,0,0,0,0,0,0,0,0,0,0,0,0,0,0,0,0,0,0,0,0,0,0,0,0,uuid:ce05eaa5-1b41-4d08-9cab-c10e6f99d786,1-16-59-FA,26328176,uuid:ce05eaa5-1b41-4d08-9cab-c10e6f99d786
6 août 2026 15:59:22,6 août 2026 09:49:09,6 août 2026 11:56:09,c37348193ef78a80,,,,posaf2026,5643,94.05,,,https://posaf.surveycto.com/view/submission-attachment/?uuid=uuid%3A9b662308-c002-446f-aa18-397e3fafd82c&file=TA_9b662308-c002-446f-aa18-397e3fafd82c.csv,6 août 2026,09:49:37,1,KIWILA KASHIMBO DOMINIQUE,1,hk Haut Katanga,6,hk Kasenga,25,hk Mfuta Centre de Santé,1-6-25,1-6-25-FA,-10.2373059,28.5404004,934.1,3.8,mois_7,an2026,29,54,83,4,79,83,33,50,83,0,0,0,0,0,0,0,0,0,0,0,0,0,0,0,0,0,0,0,0,0,0,0,0,0,0,0,29,54,83,4,79,83,0,0,0,0,0,0,4,11,15,0,15,15,0,0,0,0,0,0,3,10,13,0,13,13,3,10,13,0,13,13,1,1,15,0,0,0,0,1,0,1,2,0,2,0,3,1,2,1,2,4,11,15,15,0,0,0,0,0,0,0,0,0,0,0,0,0,0,0,0,0,0,0,0,0,0,0,0,0,0,0,0,0,0,17,35,52,37,15,52,6,11,17,17,0,17,0,0,0,0,0,0,0,0,0,0,0,0,6,11,17,17,0,17,0,0,0,0,0,0,0,0,0,0,0,0,5,1,4,5,5,0,5,0,0,0,0,0,0,0,0,0,0,0,0,1,4,5,5,0,5,0,0,0,0,0,0,0,0,0,0,0,0,uuid:9b662308-c002-446f-aa18-397e3fafd82c,1-6-25-FA,26328176,uuid:9b662308-c002-446f-aa18-397e3fafd82c
6 août 2026 17:32:08,30 juil. 2026 17:10:53,30 juil. 2026 17:52:25,642274e73b7ba88a,,,,posaf2026,2367,39.45,,,https://posaf.surveycto.com/view/submission-attachment/?uuid=uuid%3A73fbe48e-776c-4a80-be58-986309010f2e&file=TA_73fbe48e-776c-4a80-be58-986309010f2e.csv,30 juil. 2026,17:10:31,1,Ilunga ngoyi innocent,6,lm Lomami,110,lm Kanda Kanda,515,lm Kamanda Kadila Centre de Santé,6-110-515,6-110-515-FA,-6.9153147,23.9118248,0.0,800.0,mois_7,an2026,98,71,169,66,103,169,41,128,169,98,71,169,66,103,169,41,128,169,98,71,169,66,103,169,41,128,169,98,71,169,66,103,169,41,128,169,20,16,36,14,22,36,0,0,0,0,0,0,98,71,169,66,103,169,0,0,0,0,0,0,8,3,11,0,11,11,8,3,11,0,11,11,0,3,14,0,0,0,0,1,0,2,1,3,1,2,1,0,0,0,0,8,3,11,11,0,0,0,0,0,0,0,0,0,0,0,0,0,0,0,0,0,0,0,0,0,0,0,0,0,0,0,0,0,0,20,16,36,14,22,36,20,16,36,14,22,36,0,0,0,0,0,0,0,0,0,0,0,0,8,6,14,14,0,14,0,0,0,0,0,0,0,0,0,0,0,0,14,8,6,14,14,0,14,0,0,0,0,0,0,0,0,0,0,0,0,8,6,14,14,0,14,0,0,0,0,0,0,0,0,0,0,0,0,uuid:73fbe48e-776c-4a80-be58-986309010f2e,6-110-515-FA,26328176,uuid:73fbe48e-776c-4a80-be58-986309010f2e
6 août 2026 18:22:05,6 août 2026 17:37:20,6 août 2026 18:21:52,642274e73b7ba88a,,,,posaf2026,2303,38.38333333333333,,,https://posaf.surveycto.com/view/submission-attachment/?uuid=uuid%3A6e0ec071-d01e-45cc-97ce-1c57a8c3d61c&file=TA_6e0ec071-d01e-45cc-97ce-1c57a8c3d61c.csv,29 juin 2026,17:38:29,1,Ilunga ngoyi innocent,6,lm Lomami,110,lm Kanda Kanda,515,lm Kamanda Kadila Centre de Santé,6-110-515,6-110-515-FA,,,,,,,76,84,160,42,118,160,23,137,160,0,0,0,0,0,0,0,0,0,76,84,160,42,118,160,23,137,160,0,0,0,0,0,0,0,0,0,76,84,160,42,118,160,0,0,0,0,0,0,76,84,160,42,118,160,0,0,0,0,0,0,8,2,10,0,10,10,8,2,10,0,10,10,0,3,13,0,0,0,0,0,1,3,0,4,0,1,1,0,0,0,0,8,2,10,10,0,0,0,0,0,0,0,0,0,0,0,0,0,0,0,0,0,0,0,0,0,0,0,0,0,0,0,0,0,0,16,11,27,17,10,27,16,11,27,17,10,27,0,0,0,0,0,0,0,0,0,0,0,0,10,7,17,0,0,0,0,0,0,0,0,0,0,0,0,0,0,0,17,10,7,17,0,0,0,0,0,0,0,0,0,0,0,0,0,0,0,0,0,0,0,0,0,0,0,0,0,0,0,0,0,0,0,0,0,uuid:6e0ec071-d01e-45cc-97ce-1c57a8c3d61c,6-110-515-FA,26328176,uuid:6e0ec071-d01e-45cc-97ce-1c57a8c3d61c
7 août 2026 09:07:36,7 août 2026 07:53:46,7 août 2026 08:22:57,77c8c9d36f5d6e99,,,,posaf2026,1745,29.083333333333332,,,https://posaf.surveycto.com/view/submission-attachment/?uuid=uuid%3A76328ce6-9412-43b1-be51-2f61e36ea9c1&file=TA_76328ce6-9412-43b1-be51-2f61e36ea9c1.csv,7 août 2026,07:54:40,1,Amisi jean,1,hk Haut Katanga,6,hk Kasenga,24,hk Kasomeno Centre de Santé de Référence,1-6-24,1-6-24-FA,-10.7534186,28.2812734,1069.9,5.0,mois_7,an2026,4,2,6,0,6,6,1,5,6,0,0,0,0,0,0,0,0,0,19,11,30,0,30,30,5,25,30,0,0,0,0,0,0,0,0,0,19,11,30,0,30,30,2,0,2,0,2,2,0,0,0,0,0,0,0,0,0,0,0,0,4,2,6,0,6,6,4,2,6,0,6,6,0,0,6,0,0,0,0,1,0,1,0,0,0,0,1,1,1,1,0,4,2,6,6,0,0,0,0,0,0,0,0,0,0,0,0,0,0,0,0,0,0,0,0,0,0,0,0,0,0,0,0,0,0,0,0,0,0,0,0,0,0,0,0,0,0,1,4,5,1,4,5,0,0,0,0,0,0,0,0,0,0,0,0,1,4,5,1,4,5,0,0,0,0,0,0,0,0,0,0,0,0,0,0,0,0,0,0,0,0,0,0,0,0,0,0,0,0,0,0,0,0,0,0,0,0,0,0,0,0,0,0,0,uuid:76328ce6-9412-43b1-be51-2f61e36ea9c1,1-6-24-FA,26328176,uuid:76328ce6-9412-43b1-be51-2f61e36ea9c1
7 août 2026 09:10:53,30 juil. 2026 12:13:49,7 août 2026 09:10:43,77c8c9d36f5d6e99,,,,posaf2026,1510,25.166666666666668,,,https://posaf.surveycto.com/view/submission-attachment/?uuid=uuid%3A751b0853-049f-4573-b6cb-40a457378594&file=TA_751b0853-049f-4573-b6cb-40a457378594.csv,30 juil. 2026,12:14:06,4,MAURICE PAIPO,1,hk Haut Katanga,6,hk Kasenga,22,hk Kaboka Hôpital Général de Référence,1-6-22,1-6-22-FA,-10.3913103,28.619783,932.7,4.9,mois_7,an2026,2,1,3,0,3,3,3,0,3,0,0,0,0,0,0,0,0,0,1,2,3,0,3,3,3,0,3,0,0,0,0,0,0,0,0,0,1,2,3,0,3,3,1,2,3,0,3,3,0,0,0,0,0,0,0,0,0,0,0,0,0,0,0,0,0,0,0,0,0,0,0,0,0,0,0,0,0,0,0,0,0,0,0,0,0,0,0,0,0,0,0,0,0,0,0,0,0,0,0,0,0,0,0,0,0,0,0,0,0,0,0,0,0,0,0,0,0,0,0,0,0,0,0,0,0,0,0,0,0,0,0,0,0,0,0,0,0,0,0,0,0,0,0,0,0,0,0,0,0,0,0,0,0,0,0,0,0,0,0,0,0,0,0,0,0,0,0,0,0,0,0,0,0,0,0,0,0,0,0,0,0,0,0,0,0,0,0,0,0,0,0,0,0,0,0,0,0,0,0,0,0,0,0,0,uuid:751b0853-049f-4573-b6cb-40a457378594,1-6-22-FA,26328176,uuid:751b0853-049f-4573-b6cb-40a457378594
7 août 2026 10:53:18,5 août 2026 11:17:58,7 août 2026 10:52:25,88fee90afe5c4f98,,,,posaf2026,1425,23.75,,,https://posaf.surveycto.com/view/submission-attachment/?uuid=uuid%3Afb005387-4ba7-4eaf-a180-80a1380a2d3b&file=TA_fb005387-4ba7-4eaf-a180-80a1380a2d3b.csv,5 août 2026,11:18:17,1,Joseph maloba,1,hk Haut Katanga,23,hk Pweto,85,hk Kapondo Centre de Santé de Référence,1-23-85,1-23-85-FA,-8.1218127,29.5978015,1696.8,2.2,mois_7,,2,2,4,1,3,4,3,1,4,0,0,0,0,0,0,0,0,0,2,2,4,1,3,4,3,1,4,0,0,0,0,0,0,0,0,0,0,0,0,0,0,0,0,0,0,0,0,0,2,2,4,1,3,4,0,0,0,0,0,0,0,0,0,0,0,0,0,0,0,0,0,0,0,0,0,0,0,0,0,0,0,0,0,0,0,0,0,0,0,0,0,0,0,0,0,0,0,0,0,0,0,0,0,0,0,0,0,0,0,0,0,0,0,0,0,0,0,0,0,0,0,0,0,0,0,4,2,6,6,0,6,0,0,0,0,0,0,0,0,0,0,0,0,0,0,0,0,0,0,4,2,6,6,0,6,0,0,0,0,0,0,0,0,0,0,0,0,6,4,2,6,6,0,6,0,0,0,0,0,0,0,0,0,0,0,0,4,2,6,6,0,6,0,0,0,0,0,0,0,0,0,0,0,0,uuid:fb005387-4ba7-4eaf-a180-80a1380a2d3b,1-23-85-FA,26328176,uuid:fb005387-4ba7-4eaf-a180-80a1380a2d3b
7 août 2026 10:53:19,7 août 2026 10:04:00,7 août 2026 10:42:55,88fee90afe5c4f98,,,,posaf2026,2335,38.916666666666664,,,https://posaf.surveycto.com/view/submission-attachment/?uuid=uuid%3A550f4a1e-f130-48a2-82c1-3e572b939ab4&file=TA_550f4a1e-f130-48a2-82c1-3e572b939ab4.csv,7 août 2026,10:04:11,1,Anaclet KAZEMBE MWABA,1,hk Haut Katanga,23,hk Pweto,87,hk Kizabi Centre de Santé,1-23-87,1-23-87-FA,-8.4653709,28.9002113,951.5,1.5,mois_7,an2026,2,2,4,1,3,4,3,1,4,0,0,0,0,0,0,0,0,0,11,10,21,1,20,21,18,3,21,0,0,0,0,0,0,0,0,0,11,10,21,1,20,21,0,0,0,0,0,0,2,2,4,1,3,4,0,0,0,0,0,0,2,1,3,1,2,3,2,1,3,1,2,3,0,1,4,0,0,0,1,2,0,0,0,0,0,0,0,0,0,0,0,2,1,3,3,0,0,0,0,0,0,0,0,0,0,0,0,0,0,0,0,0,0,0,0,0,0,0,0,0,0,0,0,0,0,3,1,4,4,0,4,0,0,0,0,0,0,0,0,0,0,0,0,0,0,0,0,0,0,1,0,1,1,0,1,0,0,0,0,0,0,0,0,0,0,0,0,1,1,0,1,1,0,1,0,0,0,0,0,0,0,0,0,0,0,0,1,0,1,1,0,1,0,0,0,0,0,0,0,0,0,0,0,0,uuid:550f4a1e-f130-48a2-82c1-3e572b939ab4,1-23-87-FA,26328176,uuid:550f4a1e-f130-48a2-82c1-3e572b939ab4
7 août 2026 16:18:08,7 août 2026 13:05:18,7 août 2026 13:42:20,424baa2b58748488,,,,posaf2026,1819,30.316666666666666,,,https://posaf.surveycto.com/view/submission-attachment/?uuid=uuid%3A30059a01-8a9a-4395-aa87-b95188213666&file=TA_30059a01-8a9a-4395-aa87-b95188213666.csv,7 août 2026,13:05:25,4,Honoré seya mukebo,1,hk Haut Katanga,16,hk Likasi,58,hk Kupuluka Centre de Santé de Référence,1-16-58,1-16-58-FA,-10.9868046,26.7634181,1234.3,1.2,mois_6,an2025,60,52,112,25,87,112,108,4,112,5,2,7,0,7,7,7,0,7,9,3,12,1,11,12,7,5,12,3,1,4,0,4,4,4,0,4,9,3,12,1,11,12,3,0,3,0,3,3,1,0,1,0,1,1,1,0,1,0,1,1,4,1,5,0,5,5,4,1,5,0,5,5,4,2,10,0,0,0,0,1,0,1,3,2,0,1,0,2,0,0,0,7,3,10,10,1,0,1,0,1,1,0,0,0,0,0,0,0,0,0,0,0,0,0,0,0,0,0,0,0,0,0,0,0,0,11,11,22,6,16,22,0,0,0,0,0,0,1,0,1,0,1,1,0,0,0,0,0,0,3,3,6,6,0,6,1,0,1,0,1,1,0,0,0,0,0,0,7,3,3,6,6,0,6,1,0,1,0,1,1,0,0,0,0,0,0,0,0,0,0,0,0,0,0,0,0,0,0,0,0,0,0,0,0,uuid:30059a01-8a9a-4395-aa87-b95188213666,1-16-58-FA,26328176,uuid:30059a01-8a9a-4395-aa87-b95188213666
7 août 2026 16:18:08,7 août 2026 13:42:27,7 août 2026 14:21:45,424baa2b58748488,,,,posaf2026,2081,34.68333333333333,,,https://posaf.surveycto.com/view/submission-attachment/?uuid=uuid%3Ac7b73acb-fb72-49b5-957e-629b6925d377&file=TA_c7b73acb-fb72-49b5-957e-629b6925d377.csv,7 août 2026,13:42:33,4,Honoré seya mukebo,1,hk Haut Katanga,16,hk Likasi,58,hk Kupuluka Centre de Santé de Référence,1-16-58,1-16-58-FA,-10.986769,26.7633567,1247.9,2.7,mois_7,an2025,45,68,113,20,93,113,109,4,113,5,3,8,0,8,8,8,0,8,7,8,15,0,15,15,10,5,15,3,2,5,0,5,5,4,1,5,7,8,15,1,14,15,4,4,8,0,8,8,5,3,8,0,8,8,4,2,6,0,6,6,7,0,7,0,7,7,7,0,7,0,7,7,5,1,8,0,0,0,0,1,1,3,1,0,0,1,0,0,0,0,1,5,3,8,8,2,0,2,0,2,2,0,0,0,0,0,0,0,0,0,0,0,0,0,0,0,0,0,0,0,0,0,0,0,0,12,12,24,10,14,24,0,0,0,0,0,0,4,1,5,0,5,5,0,0,0,0,0,0,8,8,16,10,6,16,4,1,5,0,5,5,0,0,0,0,0,0,16,8,8,16,10,6,16,4,1,5,0,5,5,0,0,0,0,0,0,8,8,16,10,6,16,0,0,0,0,0,0,0,0,0,0,0,0,uuid:c7b73acb-fb72-49b5-957e-629b6925d377,1-16-58-FA,26328176,uuid:c7b73acb-fb72-49b5-957e-629b6925d377
7 août 2026 16:18:08,7 août 2026 14:37:26,7 août 2026 15:07:48,424baa2b58748488,,,,posaf2026,1661,27.683333333333334,,,https://posaf.surveycto.com/view/submission-attachment/?uuid=uuid%3A0f250489-fb2b-4bd3-82ab-4114b0cde9ca&file=TA_0f250489-fb2b-4bd3-82ab-4114b0cde9ca.csv,7 août 2026,14:37:32,4,Honoré seya mukebo,1,hk Haut Katanga,16,hk Likasi,58,hk Kupuluka Centre de Santé de Référence,1-16-58,1-16-58-FA,-10.9868304,26.7633567,1238.5,1.4,mois_8,an2025,50,70,120,30,90,120,117,3,120,3,1,4,0,4,4,1,3,4,13,5,18,0,18,18,8,10,18,3,1,4,0,4,4,1,3,4,13,5,18,0,18,18,6,2,8,0,8,8,4,1,5,0,4,4,1,0,1,0,1,1,4,1,5,0,5,5,4,1,5,0,5,5,4,1,10,0,0,0,0,2,1,1,0,2,0,2,0,0,0,1,1,8,2,10,10,4,1,5,0,5,5,0,0,0,0,0,0,0,0,0,0,0,0,0,0,0,0,0,0,0,0,0,0,0,0,6,10,16,10,6,16,0,4,4,0,1,1,5,3,8,0,8,8,0,0,0,0,0,0,4,3,7,7,0,7,4,3,7,0,7,7,0,0,0,0,0,0,13,0,0,0,0,0,0,4,3,7,0,7,7,0,0,0,0,0,0,0,0,0,0,0,0,0,0,0,0,0,0,0,0,0,0,0,0,uuid:0f250489-fb2b-4bd3-82ab-4114b0cde9ca,1-16-58-FA,26328176,uuid:0f250489-fb2b-4bd3-82ab-4114b0cde9ca
7 août 2026 16:18:09,7 août 2026 15:08:02,7 août 2026 15:25:43,424baa2b58748488,,,,posaf2026,1026,17.1,,,https://posaf.surveycto.com/view/submission-attachment/?uuid=uuid%3Af5030e2b-6e42-464d-979a-46a58f9d030c&file=TA_f5030e2b-6e42-464d-979a-46a58f9d030c.csv,7 août 2026,15:08:07,4,Honoré seya mukebo,1,hk Haut Katanga,16,hk Likasi,58,hk Kupuluka Centre de Santé de Référence,1-16-58,1-16-58-FA,-10.9868763,26.7634649,1229.9,1.2,mois_9,an2025,30,40,70,10,60,70,70,0,70,0,0,0,0,0,0,0,0,0,10,8,18,0,18,18,13,5,18,0,0,0,0,0,0,0,0,0,10,8,18,0,18,18,2,2,4,0,4,4,2,0,2,0,2,2,0,0,0,0,0,0,2,0,2,0,2,2,2,0,2,0,2,2,0,0,2,0,0,0,0,0,0,1,0,0,0,0,0,0,0,1,0,2,0,2,2,2,0,2,0,0,0,0,0,0,0,0,0,0,0,0,0,0,0,0,0,0,0,0,0,0,0,0,0,0,0,11,12,23,10,13,23,0,0,0,0,0,0,0,0,0,0,0,0,0,0,0,0,0,0,7,1,8,8,0,8,0,0,0,0,0,0,0,0,0,0,0,0,8,7,1,8,8,0,8,0,0,0,0,0,0,0,0,0,0,0,0,7,1,8,8,0,8,0,0,0,0,0,0,0,0,0,0,0,0,uuid:f5030e2b-6e42-464d-979a-46a58f9d030c,1-16-58-FA,26328176,uuid:f5030e2b-6e42-464d-979a-46a58f9d030c
7 août 2026 16:18:09,7 août 2026 15:25:48,7 août 2026 15:50:54,424baa2b58748488,,,,posaf2026,1253,20.883333333333333,,,https://posaf.surveycto.com/view/submission-attachment/?uuid=uuid%3A5a161683-8818-4b5a-bb8b-92962077e41b&file=TA_5a161683-8818-4b5a-bb8b-92962077e41b.csv,7 août 2026,15:25:51,4,Honoré seya mukebo,1,hk Haut Katanga,16,hk Likasi,58,hk Kupuluka Centre de Santé de Référence,1-16-58,1-16-58-FA,-10.9867526,26.7633268,1235.6,1.4,mois_10,an2025,64,92,156,40,116,156,156,0,156,1,2,3,1,2,3,3,0,3,8,8,16,1,15,16,11,5,16,1,2,3,1,2,3,2,1,3,8,8,16,1,15,16,0,0,0,0,0,0,6,4,10,1,9,10,0,0,0,0,0,0,5,2,7,0,7,7,5,2,7,0,7,7,3,0,10,0,0,1,0,0,0,0,0,2,0,1,1,1,1,1,0,6,2,8,8,0,0,0,0,0,0,0,0,0,0,0,0,0,0,0,0,0,0,0,0,0,0,0,0,0,0,0,0,0,0,18,20,38,17,21,38,0,0,0,0,0,0,3,0,3,0,3,3,0,0,0,0,0,0,7,2,9,9,0,9,2,0,2,0,2,2,0,0,0,0,0,0,11,7,2,9,9,0,9,2,0,2,0,2,2,0,0,0,0,0,0,0,0,0,0,0,0,0,0,0,0,0,0,0,0,0,0,0,0,uuid:5a161683-8818-4b5a-bb8b-92962077e41b,1-16-58-FA,26328176,uuid:5a161683-8818-4b5a-bb8b-92962077e41b
7 août 2026 16:18:10,7 août 2026 15:51:04,7 août 2026 16:16:56,424baa2b58748488,,,,posaf2026,1265,21.083333333333332,,,https://posaf.surveycto.com/view/submission-attachment/?uuid=uuid%3Af10d557e-2550-40e0-89b8-603a104be6a0&file=TA_f10d557e-2550-40e0-89b8-603a104be6a0.csv,7 août 2026,15:51:07,4,Honoré seya mukebo,1,hk Haut Katanga,16,hk Likasi,58,hk Kupuluka Centre de Santé de Référence,1-16-58,1-16-58-FA,-10.9866491,26.7633071,1235.6,2.1,mois_11,an2025,77,80,157,40,117,157,157,0,157,2,0,2,0,2,2,2,0,2,16,8,24,0,24,24,2,22,24,2,0,2,0,2,2,2,0,2,10,8,18,0,24,24,0,0,0,0,0,0,5,1,6,0,6,6,1,0,1,0,1,1,3,1,4,0,4,4,3,1,4,0,4,4,2,1,7,0,0,0,0,1,0,1,0,2,0,1,1,0,0,1,0,6,1,7,7,0,0,0,0,0,0,0,0,0,0,0,0,0,0,0,0,0,0,0,0,0,0,0,0,0,0,0,0,0,0,10,19,29,21,8,29,0,0,0,0,0,0,2,0,2,0,2,2,0,0,0,0,0,0,2,8,10,10,0,10,2,0,2,0,2,2,0,0,0,0,0,0,12,2,8,10,10,0,10,2,0,2,0,2,2,0,0,0,0,0,0,0,0,0,0,0,0,0,0,0,0,0,0,0,0,0,0,0,0,uuid:f10d557e-2550-40e0-89b8-603a104be6a0,1-16-58-FA,26328176,uuid:f10d557e-2550-40e0-89b8-603a104be6a0
7 août 2026 16:42:48,4 août 2026 11:53:10,7 août 2026 16:42:40,424baa2b58748488,,,,posaf2026,4437,73.95,,,https://posaf.surveycto.com/view/submission-attachment/?uuid=uuid%3A0de46110-040e-409f-8eb6-c9f25fdbef87&file=TA_0de46110-040e-409f-8eb6-c9f25fdbef87.csv,4 août 2026,11:53:14,4,Honoré seya mukebo,1,hk Haut Katanga,16,hk Likasi,59,hk Milumba Centre de Santé de Référence,1-16-59,1-16-59-FA,-10.9881953,26.7360157,1319.1,1.6,mois_8,an2025,753,791,1544,221,1323,1544,1534,10,1544,198,99,297,74,223,297,297,0,297,124,69,193,15,178,193,192,1,193,9,2,11,2,9,11,11,0,11,124,69,193,15,178,193,124,69,193,15,178,193,51,8,59,6,53,59,2,1,3,0,3,3,42,5,47,3,44,47,42,5,47,3,44,47,14,3,64,3,0,2,0,10,4,12,4,16,2,6,0,4,0,2,0,55,10,65,65,1,0,1,0,1,1,1,0,1,0,1,1,0,0,0,0,0,0,0,0,0,0,0,0,0,0,0,0,0,0,45,68,113,42,71,113,0,0,0,0,0,0,0,0,0,0,0,0,0,0,0,0,0,0,9,3,12,12,0,12,0,0,0,0,0,0,0,0,0,0,0,0,12,9,3,12,12,0,12,0,0,0,0,0,0,0,0,0,0,0,0,9,3,12,12,0,12,0,0,0,0,0,0,0,0,0,0,0,0,uuid:0de46110-040e-409f-8eb6-c9f25fdbef87,1-16-59-FA,26328176,uuid:0de46110-040e-409f-8eb6-c9f25fdbef87
7 août 2026 17:55:38,7 août 2026 17:26:54,7 août 2026 17:55:15,d1a9c50e4a2a0c34,,,,posaf2026,1700,28.333333333333332,,,https://posaf.surveycto.com/view/submission-attachment/?uuid=uuid%3A9758bd41-d57d-4642-89e5-2e7491590879&file=TA_9758bd41-d57d-4642-89e5-2e7491590879.csv,7 août 2026,17:27:03,1,Alice kabamba,1,hk Haut Katanga,13,hk Kipushi,52,hk Tumbwe Hôpital,1-13-52,1-13-52-FA,,,,,,,11,5,16,0,16,16,11,5,16,11,5,16,0,16,16,11,5,16,11,5,16,0,16,16,11,5,16,3,0,3,0,3,3,3,0,3,3,0,3,0,3,3,2,0,2,0,2,2,6,1,7,0,7,7,3,0,3,0,3,3,3,1,4,0,4,4,3,1,4,0,4,4,3,3,7,0,0,0,0,0,0,2,0,4,1,0,0,1,0,0,0,7,1,8,8,0,0,0,0,0,0,0,0,0,0,0,0,0,0,0,0,0,0,0,0,0,0,0,0,0,0,0,0,0,0,0,0,0,0,0,0,0,0,0,0,0,0,0,0,0,0,0,0,0,0,0,0,0,0,0,0,0,0,0,0,0,0,0,0,0,0,0,0,0,0,0,0,0,0,0,0,0,0,0,0,0,0,0,0,0,0,0,0,0,0,0,0,0,0,0,0,0,0,0,0,0,0,0,0,0,0,0,0,0,uuid:9758bd41-d57d-4642-89e5-2e7491590879,1-13-52-FA,26328176,uuid:9758bd41-d57d-4642-89e5-2e7491590879
8 août 2026 12:32:53,6 août 2026 13:03:15,6 août 2026 13:49:36,78637a1d961bd229,,,,posaf2026,1786,29.766666666666666,,,https://posaf.surveycto.com/view/submission-attachment/?uuid=uuid%3A74ab1b06-dede-4a9d-a91a-d2283a7bee38&file=TA_74ab1b06-dede-4a9d-a91a-d2283a7bee38.csv,6 août 2026,13:03:34,1,MUTONKOLE,1,hk Haut Katanga,13,hk Kipushi,51,hk Lumata SNCC Centre de Santé,1-13-51,1-13-51-FA,,,,,mois_6,an2026,1,1,2,0,2,2,0,2,2,0,0,0,0,0,0,0,0,0,3,3,6,0,6,6,0,6,6,0,0,0,0,0,0,0,0,0,3,3,6,0,6,6,1,3,4,0,4,4,2,0,2,0,2,2,0,0,0,0,0,0,1,0,1,0,1,1,1,0,1,0,1,1,1,0,2,0,0,0,0,1,0,1,0,0,0,0,0,0,0,0,0,2,0,2,2,0,0,0,0,0,0,0,0,0,0,0,0,0,0,0,0,0,0,0,0,0,0,0,0,0,0,0,0,0,0,0,0,0,0,0,0,0,0,0,0,0,0,0,0,0,0,0,0,0,0,0,0,0,0,0,0,0,0,0,0,0,0,0,0,0,0,0,0,0,0,0,0,0,0,0,0,0,0,0,0,0,0,0,0,0,0,0,0,0,0,0,0,0,0,0,0,0,0,0,0,0,0,0,0,0,0,0,0,0,uuid:74ab1b06-dede-4a9d-a91a-d2283a7bee38,1-13-51-FA,26328176,uuid:74ab1b06-dede-4a9d-a91a-d2283a7bee38
8 août 2026 12:33:07,6 août 2026 13:49:49,6 août 2026 15:02:13,78637a1d961bd229,,,,posaf2026,2026,33.766666666666666,,,https://posaf.surveycto.com/view/submission-attachment/?uuid=uuid%3Ac7525649-ceb2-4136-86a7-10d8db829981&file=TA_c7525649-ceb2-4136-86a7-10d8db829981.csv,6 août 2026,13:49:02,1,MUTONKOLE lucien,1,hk Haut Katanga,13,hk Kipushi,51,hk Lumata SNCC Centre de Santé,1-13-51,1-13-51-FA,,,,,mois_7,an2026,8,1,9,0,9,9,2,7,9,0,0,0,0,0,0,0,0,0,8,1,9,0,9,9,2,7,9,0,0,0,0,0,0,0,0,0,8,1,9,0,9,9,4,0,4,0,4,4,1,0,1,0,1,1,0,1,1,0,1,1,1,0,1,0,1,1,1,0,1,0,1,1,0,1,2,0,0,0,0,0,0,0,1,1,0,0,0,0,0,0,0,1,1,2,2,0,0,0,0,0,0,0,0,0,0,0,0,0,0,0,0,0,0,0,0,0,0,0,0,0,0,0,0,0,0,0,0,0,0,0,0,0,0,0,0,0,0,0,0,0,0,0,0,0,0,0,0,0,0,0,0,0,0,0,0,0,0,0,0,0,0,0,0,0,0,0,0,0,0,0,0,0,0,0,0,0,0,0,0,0,0,0,0,0,0,0,0,0,0,0,0,0,0,0,0,0,0,0,0,0,0,0,0,0,uuid:c7525649-ceb2-4136-86a7-10d8db829981,1-13-51-FA,26328176,uuid:c7525649-ceb2-4136-86a7-10d8db829981
8 août 2026 17:53:26,7 août 2026 17:37:38,7 août 2026 18:42:26,e9498e2168c4b863,,,,posaf2026,3888,64.8,,,https://posaf.surveycto.com/view/submission-attachment/?uuid=uuid%3A5f17ca7d-714f-42d5-9261-43c852e17e96&file=TA_5f17ca7d-714f-42d5-9261-43c852e17e96.csv,7 août 2026,17:38:13,1,MWAMBA MUKEBI DAVI,2,hl Haut Lomami,31,hl Kabondo Dianda,116,hl Kabondo Dianda Hôpital Général de Référence,2-31-116,2-31-116-FA,,,,,mois_7,an2026,7,13,20,0,20,20,13,7,20,1,0,1,0,1,1,1,0,1,7,13,20,2,18,20,13,7,20,1,0,1,0,1,1,1,0,1,7,13,20,2,18,20,0,0,0,0,0,0,7,8,15,2,13,15,1,0,1,0,1,1,7,8,15,2,13,15,7,8,15,2,13,15,1,0,16,0,0,0,2,1,1,1,3,0,0,2,2,1,0,2,1,7,9,16,16,0,0,0,0,0,0,0,0,0,0,0,0,0,0,0,0,0,0,4,5,9,0,9,9,0,0,0,0,0,0,8,5,13,4,9,13,4,3,7,0,7,7,4,3,7,0,7,7,0,0,0,0,0,0,4,2,6,2,7,9,4,3,7,0,7,7,0,0,0,0,0,0,13,4,2,6,2,7,9,4,3,7,0,7,7,0,0,0,0,0,0,4,2,6,2,7,9,2,2,4,0,4,4,0,0,0,0,0,0,uuid:5f17ca7d-714f-42d5-9261-43c852e17e96,2-31-116-FA,26328176,uuid:5f17ca7d-714f-42d5-9261-43c852e17e96
9 août 2026 10:33:42,7 août 2026 18:52:36,9 août 2026 10:31:20,e9498e2168c4b863,,,,posaf2026,4847,80.78333333333333,,,https://posaf.surveycto.com/view/submission-attachment/?uuid=uuid%3A7311aa78-5dc8-4503-80ef-1a33c830b4d3&file=TA_7311aa78-5dc8-4503-80ef-1a33c830b4d3.csv,7 août 2026,18:52:55,1,MONGA KASA JEAN PIERRE,2,hl Haut Lomami,31,hl Kabondo Dianda,121,hl Nyembo Centre de Santé de Référence,2-31-121,2-31-121-FA,,,,,mois_7,an2026,93,32,125,54,71,125,91,34,125,0,0,0,0,0,0,0,0,0,11,12,23,0,23,23,7,16,23,0,0,0,0,0,0,0,0,0,11,12,23,0,23,23,0,0,0,0,0,0,4,2,6,0,6,6,0,0,0,0,0,0,4,1,5,0,5,5,4,1,5,0,5,5,0,1,6,0,0,0,0,0,0,1,1,2,1,0,0,1,0,0,0,4,2,6,6,2,1,3,0,3,3,0,0,0,0,0,0,0,0,0,0,0,0,0,0,0,0,0,0,0,0,0,0,0,0,6,6,12,4,8,12,0,0,0,0,0,0,0,0,0,0,0,0,0,0,0,0,0,0,6,6,12,4,8,12,0,0,0,0,0,0,0,0,0,0,0,0,12,6,6,12,4,8,12,0,0,0,0,0,0,0,0,0,0,0,0,6,6,12,4,8,12,0,0,0,0,0,0,0,0,0,0,0,0,uuid:7311aa78-5dc8-4503-80ef-1a33c830b4d3,2-31-121-FA,26328176,uuid:7311aa78-5dc8-4503-80ef-1a33c830b4d3
9 août 2026 11:41:40,9 août 2026 10:46:53,9 août 2026 11:13:38,5a05e267f1e8f371,,,,posaf2026,1606,26.766666666666666,,,https://posaf.surveycto.com/view/submission-attachment/?uuid=uuid%3A60f596a6-bffb-4620-a0b5-32e055bc546c&file=TA_60f596a6-bffb-4620-a0b5-32e055bc546c.csv,9 août 2026,10:47:12,1,Mutonji Bukasa Robert,6,lm Lomami,106,lm Kalenda,495,lm Tshilundu Centre de Santé,6-106-495,6-106-495-FA,-7.0275461,23.4781678,0.0,1600.0,mois_6,an2026,4,5,9,7,2,9,3,6,9,0,0,0,0,0,0,0,0,0,54,72,126,119,7,126,28,98,126,0,0,0,0,0,0,0,0,0,54,72,126,119,7,126,0,0,0,0,0,0,2,4,6,6,0,6,0,0,0,0,0,0,2,4,6,6,0,6,2,4,6,6,0,6,3,1,10,0,1,1,1,0,0,0,2,1,1,0,1,0,0,0,0,2,6,8,8,0,0,0,0,0,0,0,0,0,0,0,0,0,0,0,0,0,0,0,0,0,0,0,0,0,0,0,0,0,0,0,0,0,0,0,0,0,0,0,0,0,0,0,0,0,0,0,0,17,23,40,20,20,40,0,0,0,0,0,0,0,0,0,0,0,0,0,0,0,0,0,0,0,0,0,0,0,0,0,0,0,0,0,0,0,0,0,0,0,0,0,0,0,0,0,0,0,0,0,0,0,0,0,0,0,0,0,0,0,uuid:60f596a6-bffb-4620-a0b5-32e055bc546c,6-106-495-FA,26328176,uuid:60f596a6-bffb-4620-a0b5-32e055bc546c
9 août 2026 11:41:40,9 août 2026 11:14:02,9 août 2026 11:41:26,5a05e267f1e8f371,,,,posaf2026,1644,27.4,,,https://posaf.surveycto.com/view/submission-attachment/?uuid=uuid%3Af9e6be2f-b13c-43f0-a96f-1733c48a98f7&file=TA_f9e6be2f-b13c-43f0-a96f-1733c48a98f7.csv,9 août 2026,11:14:09,1,Mutonji Bukasa Robert,6,lm Lomami,106,lm Kalenda,495,lm Tshilundu Centre de Santé,6-106-495,6-106-495-FA,,,,,mois_7,an2026,5,3,8,8,0,8,4,4,8,0,0,0,0,0,0,0,0,0,42,56,98,93,5,98,25,73,98,0,0,0,0,0,0,0,0,0,42,56,98,93,5,98,0,0,0,0,0,0,5,4,9,9,0,9,0,0,0,0,0,0,3,2,5,5,0,5,3,2,5,5,0,5,3,1,9,0,0,1,1,0,0,1,0,0,1,1,1,2,1,0,0,5,4,9,9,0,0,0,0,0,0,0,0,0,0,0,0,0,0,0,0,0,0,0,0,0,0,0,0,0,0,0,0,0,0,0,0,0,0,0,0,0,0,0,0,0,0,0,0,0,0,0,0,0,0,0,0,0,0,0,0,0,0,0,0,0,0,0,0,0,0,0,0,0,0,0,0,0,0,0,0,0,0,0,0,0,0,0,0,0,0,0,0,0,0,0,0,0,0,0,0,0,0,0,0,0,0,0,0,0,0,0,0,0,uuid:f9e6be2f-b13c-43f0-a96f-1733c48a98f7,6-106-495-FA,26328176,uuid:f9e6be2f-b13c-43f0-a96f-1733c48a98f7
9 août 2026 11:41:42,8 août 2026 17:05:52,8 août 2026 17:19:40,8c1d045f542ed8ae,,,,posaf2026,828,13.8,,,https://posaf.surveycto.com/view/submission-attachment/?uuid=uuid%3A597a047d-d5bf-43b8-b9b5-90780f8bb00c&file=TA_597a047d-d5bf-43b8-b9b5-90780f8bb00c.csv,8 août 2026,17:06:07,4,Judes NSHISO,2,hl Haut Lomami,34,hl Kaniama,133,hl Kaniama Hôpital Général de Référence,2-34-133,2-34-133-FA,-7.5136062,24.1645369,871.3,4.7,mois_7,an2026,36,34,70,5,65,70,31,39,70,0,0,0,0,0,0,0,0,0,36,34,70,5,65,70,31,39,70,0,0,0,0,0,0,0,0,0,36,34,70,5,65,70,36,34,70,5,65,70,11,12,23,5,18,23,0,0,0,0,0,0,4,7,11,0,11,11,4,7,11,0,11,11,3,9,23,1,1,2,1,0,0,1,2,6,4,0,3,1,1,0,0,11,12,23,23,4,7,11,0,11,11,0,0,0,0,0,0,0,0,0,0,0,0,4,7,11,0,11,11,0,0,0,0,0,0,5,5,10,10,0,10,5,5,10,10,0,10,0,0,0,0,0,0,0,0,0,0,0,0,5,5,10,10,0,10,0,0,0,0,0,0,0,0,0,0,0,0,10,5,5,10,10,0,10,0,0,0,0,0,0,0,0,0,0,0,0,5,5,10,10,0,10,0,0,0,0,0,0,0,0,0,0,0,0,uuid:597a047d-d5bf-43b8-b9b5-90780f8bb00c,2-34-133-FA,26328176,uuid:597a047d-d5bf-43b8-b9b5-90780f8bb00c
9 août 2026 12:22:58,9 août 2026 11:39:22,9 août 2026 12:22:28,e9498e2168c4b863,,,,posaf2026,2586,43.1,,,https://posaf.surveycto.com/view/submission-attachment/?uuid=uuid%3A60779764-3b70-456f-8c1a-7f10617f6541&file=TA_60779764-3b70-456f-8c1a-7f10617f6541.csv,9 août 2026,11:39:06,1,MWAMBA ILUNGA DIEU MERCI,2,hl Haut Lomami,31,hl Kabondo Dianda,118,hl Kizanga1 Centre de Santé,2-31-118,2-31-118-FA,,,,,mois_7,,58,25,83,39,44,83,51,32,83,0,0,0,0,0,0,0,0,0,8,7,15,6,9,15,5,10,15,0,0,0,0,0,0,0,0,0,0,0,0,0,0,0,0,0,0,0,0,0,5,1,6,0,6,6,0,0,0,0,0,0,0,0,0,0,0,0,0,0,0,0,0,0,0,0,0,1,1,0,0,1,0,1,0,0,0,0,2,0,0,0,0,3,3,6,6,0,0,0,0,0,0,0,0,0,0,0,0,0,0,0,0,0,0,0,0,0,0,0,0,0,0,0,0,0,0,4,4,8,2,6,8,0,0,0,0,0,0,0,0,0,0,0,0,0,8,8,0,0,0,4,4,8,2,6,8,0,0,0,0,0,0,0,0,0,0,0,0,8,4,4,8,2,6,8,0,0,0,0,0,0,0,0,0,0,0,0,4,4,8,2,6,8,0,0,0,0,0,0,0,0,0,0,0,0,uuid:60779764-3b70-456f-8c1a-7f10617f6541,2-31-118-FA,26328176,uuid:60779764-3b70-456f-8c1a-7f10617f6541
9 août 2026 13:21:42,9 août 2026 12:42:34,9 août 2026 13:21:24,e9498e2168c4b863,,,,posaf2026,2330,38.833333333333336,,,https://posaf.surveycto.com/view/submission-attachment/?uuid=uuid%3Af619d643-6d17-47d1-8b2c-278b6fea3c2d&file=TA_f619d643-6d17-47d1-8b2c-278b6fea3c2d.csv,9 août 2026,12:45:43,1,MAKONGA WA MONGA FLORIMON,2,hl Haut Lomami,31,hl Kabondo Dianda,117,hl Kayeye Hôpital,2-31-117,2-31-117-FA,,,,,mois_7,an2026,87,95,182,43,139,182,68,114,182,0,0,0,0,0,0,0,0,0,24,19,43,12,31,43,29,14,43,0,0,0,0,0,0,0,0,0,24,19,43,12,13,25,0,0,0,0,0,0,6,8,14,5,9,14,0,0,0,0,0,0,2,4,6,0,6,6,2,4,6,0,6,6,3,5,14,0,1,2,2,0,1,1,0,1,1,1,2,1,0,0,1,6,8,14,14,0,0,0,0,0,0,0,0,0,0,0,0,0,0,0,0,0,0,0,0,0,0,0,0,0,0,0,0,0,0,16,15,31,24,7,31,2,3,5,5,0,5,0,0,0,0,0,0,0,0,0,0,0,0,14,12,26,19,7,26,0,0,0,0,0,0,0,0,0,0,0,0,26,14,12,26,19,7,26,0,0,0,0,0,0,0,0,0,0,0,0,14,12,26,19,7,26,0,0,0,0,0,0,0,0,0,0,0,0,uuid:f619d643-6d17-47d1-8b2c-278b6fea3c2d,2-31-117-FA,26328176,uuid:f619d643-6d17-47d1-8b2c-278b6fea3c2d
10 août 2026 10:53:58,7 août 2026 07:42:28,10 août 2026 08:13:01,7c07284a740027a7,,,,posaf2026,15445,257.4166666666667,,,https://posaf.surveycto.com/view/submission-attachment/?uuid=uuid%3Aaa0d1594-e74f-4232-8e94-c796c96cc451&file=TA_aa0d1594-e74f-4232-8e94-c796c96cc451.csv,7 août 2026,07:42:10,1,Kisimba Kyapi Baudouin,9,tn Tanganyika,178,tn Nyemba,827,tn Undugu Centre de Santé de Référence,9-178-827,9-178-827-FA,-5.8910746,29.2264008,782.6,4.4,mois_7,an2026,28,16,44,4,40,44,28,16,44,0,0,0,0,0,0,0,0,0,37,24,61,4,57,61,45,16,61,0,0,0,0,0,0,0,0,0,37,24,61,4,57,61,5,5,10,0,10,10,28,16,44,4,40,44,0,0,0,0,0,0,18,9,27,1,26,27,18,9,27,1,26,27,7,10,44,0,0,1,0,3,2,4,6,5,1,1,0,3,0,1,0,18,9,27,27,5,5,10,0,10,10,0,0,0,0,0,0,0,0,0,0,0,0,13,6,19,1,18,19,0,0,0,0,0,0,66,68,134,22,112,134,0,0,0,0,0,0,1,1,2,0,2,2,41,35,76,22,54,76,41,35,76,22,54,76,1,1,2,0,2,2,41,35,76,22,54,76,76,41,35,76,22,54,76,0,0,0,0,0,0,41,35,76,22,54,76,41,35,76,22,54,76,0,0,0,0,0,0,0,0,0,0,0,0,uuid:aa0d1594-e74f-4232-8e94-c796c96cc451,9-178-827-FA,26328176,uuid:aa0d1594-e74f-4232-8e94-c796c96cc451
10 août 2026 12:20:46,10 août 2026 12:08:08,10 août 2026 12:20:28,8c1d045f542ed8ae,,,,posaf2026,740,12.333333333333334,,,https://posaf.surveycto.com/view/submission-attachment/?uuid=uuid%3Aed4f3fc9-a94c-498b-96db-a09ec98129ec&file=TA_ed4f3fc9-a94c-498b-96db-a09ec98129ec.csv,10 août 2026,12:08:20,4,Judes,2,hl Haut Lomami,34,hl Kaniama,137,hl Mwadi Kayembe Centre de Santé de Référence,2-34-137,2-34-137-FA,-7.5136975,24.164244,920.7,4.4,mois_7,an2026,25,38,63,8,55,63,23,40,63,0,0,0,0,0,0,0,0,0,25,38,63,8,55,63,23,40,63,0,0,0,0,0,0,0,0,0,25,38,63,8,55,63,0,0,0,0,0,0,0,0,0,0,0,0,0,0,0,0,0,0,1,7,8,0,8,8,1,7,8,0,8,8,0,3,8,0,0,0,1,0,1,0,1,1,4,1,2,0,0,0,0,2,9,11,11,0,0,0,0,0,0,0,0,0,0,0,0,0,0,0,0,0,0,0,0,0,0,0,0,0,0,0,0,0,0,8,12,20,7,13,20,8,12,20,7,13,20,0,0,0,0,0,0,0,0,0,0,0,0,8,12,20,7,13,20,0,0,0,0,0,0,0,0,0,0,0,0,20,8,12,20,7,13,20,0,0,0,0,0,0,0,0,0,0,0,0,0,0,0,0,0,0,0,0,0,0,0,0,0,0,0,0,0,0,uuid:ed4f3fc9-a94c-498b-96db-a09ec98129ec,2-34-137-FA,26328176,uuid:ed4f3fc9-a94c-498b-96db-a09ec98129ec
10 août 2026 12:30:11,10 août 2026 12:21:16,10 août 2026 12:30:05,8c1d045f542ed8ae,,,,posaf2026,529,8.816666666666666,,,https://posaf.surveycto.com/view/submission-attachment/?uuid=uuid%3A30b92533-861f-4bfb-a705-f9f466bd62fd&file=TA_30b92533-861f-4bfb-a705-f9f466bd62fd.csv,10 août 2026,12:21:20,4,Judes,2,hl Haut Lomami,34,hl Kaniama,134,hl Kasese Centre Hospitalier,2-34-134,2-34-134-FA,-7.5136028,24.1645449,909.1,4.9,mois_7,an2026,30,28,58,0,58,58,18,40,58,0,0,0,0,0,0,0,0,0,30,28,58,0,58,58,18,40,58,0,0,0,0,0,0,0,0,0,30,28,58,0,58,58,0,0,0,0,0,0,6,0,6,0,6,6,0,0,0,0,0,0,6,0,6,0,6,6,6,0,6,0,6,6,6,0,6,0,0,0,0,2,0,2,0,0,0,2,0,0,0,0,0,6,0,6,6,0,0,0,0,0,0,0,0,0,0,0,0,0,0,0,0,0,0,0,0,0,0,0,0,0,0,0,0,0,0,10,20,30,7,23,30,10,20,30,7,23,30,0,0,0,0,0,0,0,0,0,0,0,0,10,20,30,7,23,30,0,0,0,0,0,0,0,0,0,0,0,0,0,0,0,0,0,0,0,0,0,0,0,0,0,0,0,0,0,0,0,0,0,0,0,0,0,0,0,0,0,0,0,0,0,0,0,0,0,uuid:30b92533-861f-4bfb-a705-f9f466bd62fd,2-34-134-FA,26328176,uuid:30b92533-861f-4bfb-a705-f9f466bd62fd
10 août 2026 12:42:14,10 août 2026 12:31:40,10 août 2026 12:42:08,8c1d045f542ed8ae,,,,posaf2026,628,10.466666666666667,,,https://posaf.surveycto.com/view/submission-attachment/?uuid=uuid%3A7ee87405-ff30-4394-9f57-34c2bf46a64a&file=TA_7ee87405-ff30-4394-9f57-34c2bf46a64a.csv,10 août 2026,12:31:43,4,Judes,2,hl Haut Lomami,34,hl Kaniama,132,hl Kaniama 2 Centre de Santé,2-34-132,2-34-132-FA,-7.5135835,24.1645285,918.1,5.0,mois_7,an2026,47,52,99,25,74,99,62,37,99,0,0,0,0,0,0,0,0,0,47,52,99,25,74,99,62,37,99,0,0,0,0,0,0,0,0,0,47,52,99,25,74,99,0,0,0,0,0,0,6,2,8,1,7,8,0,0,0,0,0,0,6,2,8,1,7,8,6,2,8,1,7,8,1,4,13,0,1,0,0,1,1,1,0,3,1,2,0,1,1,1,0,9,4,13,13,0,0,0,0,0,0,0,0,0,0,0,0,0,0,0,0,0,0,0,0,0,0,0,0,0,0,0,0,0,0,3,3,6,6,0,6,3,3,6,6,0,6,0,0,0,0,0,0,0,0,0,0,0,0,3,3,6,6,0,6,0,0,0,0,0,0,0,0,0,0,0,0,6,3,3,6,6,0,6,0,0,0,0,0,0,0,0,0,0,0,0,3,3,6,6,0,6,0,0,0,0,0,0,0,0,0,0,0,0,uuid:7ee87405-ff30-4394-9f57-34c2bf46a64a,2-34-132-FA,26328176,uuid:7ee87405-ff30-4394-9f57-34c2bf46a64a
10 août 2026 14:24:00,4 août 2026 19:55:09,10 août 2026 14:23:04,9e11b51057c4f661,,,,posaf2026,1391,23.183333333333334,,,https://posaf.surveycto.com/view/submission-attachment/?uuid=uuid%3Aa8973826-eac1-4fb8-b8d2-5686de8eba80&file=TA_a8973826-eac1-4fb8-b8d2-5686de8eba80.csv,10 août 2026,14:00:52,1,Champo Nkandu Ulysse,1,hk Haut Katanga,6,hk Kasenga,21,hk Chibambo Hôpital,1-6-21,1-6-21-FA,-10.2836865,28.6052808,929.8,5.0,mois_7,an2026,2,0,2,0,2,2,1,1,2,0,0,0,0,0,0,0,0,0,7,3,10,0,10,10,6,4,10,0,0,0,0,0,0,0,0,0,7,3,10,0,10,10,0,0,0,0,0,0,0,0,0,0,0,0,0,0,0,0,0,0,2,0,2,0,2,2,2,0,2,0,2,2,0,0,2,0,0,0,0,0,0,1,0,0,0,0,0,1,0,0,0,2,0,2,2,0,0,0,0,0,0,0,0,0,0,0,0,0,0,0,0,0,0,2,0,2,0,2,2,0,0,0,0,0,0,0,0,0,0,0,0,0,0,0,0,0,0,1,0,1,0,1,1,0,0,0,0,0,0,0,0,0,0,0,0,1,0,1,0,1,1,0,0,0,0,0,0,0,0,0,0,0,0,0,1,0,1,0,1,1,0,0,0,0,0,0,0,0,0,0,0,0,0,0,0,0,0,0,0,0,0,0,0,0,uuid:a8973826-eac1-4fb8-b8d2-5686de8eba80,1-6-21-FA,26328176,uuid:a8973826-eac1-4fb8-b8d2-5686de8eba80
10 août 2026 14:28:50,10 août 2026 14:00:15,10 août 2026 14:26:52,357224de239dffdb,,,,posaf2026,1597,26.616666666666667,,,https://posaf.surveycto.com/view/submission-attachment/?uuid=uuid%3Aaa20502c-5f7c-43df-9ca2-edc91de63315&file=TA_aa20502c-5f7c-43df-9ca2-edc91de63315.csv,10 août 2026,14:00:24,4,James BIRHASHWIRA NTABENGA,7,sk Sud Kivu,128,sk Kalehe,609,sk Kalehe Hôpital Général de Référence,7-128-609,7-128-609-FA,-2.09608,28.9056824,1609.2,87.6,mois_7,an2026,1,0,1,1,0,1,1,0,1,0,0,0,0,0,0,0,0,0,9,8,17,5,12,17,17,0,17,0,0,0,0,0,0,0,0,0,9,8,17,4,13,17,9,8,17,4,13,17,1,0,1,1,0,1,1,0,1,0,0,0,1,0,1,0,0,0,0,0,0,0,0,0,1,0,1,1,0,0,0,0,0,0,0,0,0,0,0,0,0,0,0,1,0,1,1,0,0,0,0,0,0,0,0,0,0,0,0,0,0,0,0,0,0,0,0,0,0,0,0,0,0,0,0,0,0,1,1,2,0,2,2,1,0,1,0,0,0,0,0,0,0,0,0,0,0,0,0,0,0,0,0,0,0,0,0,0,0,0,0,0,0,0,0,0,0,0,0,0,0,0,0,0,0,0,0,0,0,0,0,0,0,0,0,0,0,0,0,0,0,0,0,0,0,0,0,0,0,0,0,0,0,0,0,0,uuid:aa20502c-5f7c-43df-9ca2-edc91de63315,7-128-609-FA,26328176,uuid:aa20502c-5f7c-43df-9ca2-edc91de63315
10 août 2026 17:03:27,10 août 2026 17:28:22,10 août 2026 18:02:26,6138e82d743bc4f9,,,,posaf2026,1785,29.75,,,https://posaf.surveycto.com/view/submission-attachment/?uuid=uuid%3A0a7f769b-b3a1-45af-bbdb-707f0f47a5a4&file=TA_0a7f769b-b3a1-45af-bbdb-707f0f47a5a4.csv,10 août 2026,17:28:25,1,NUMBI WA NGOY GERMAINE,2,hl Haut Lomami,36,hl Kinda,144,hl Sokele Centre de Santé,2-36-144,2-36-144-FA,,,,,mois_7,an2026,5,7,12,0,12,12,5,7,12,0,0,0,0,0,0,0,0,0,5,7,12,0,12,12,5,7,12,0,0,0,0,0,0,0,0,0,5,7,12,0,12,12,0,0,0,0,0,0,1,2,3,1,2,3,0,0,0,0,0,0,1,1,2,0,2,2,1,1,2,0,2,2,0,1,3,0,0,0,0,0,1,0,0,0,0,0,0,1,1,0,0,1,2,3,3,0,0,0,0,0,0,0,0,0,0,0,0,0,0,0,0,0,0,0,0,0,0,0,0,0,0,0,0,0,0,0,0,0,0,0,0,0,0,0,0,0,0,0,0,0,0,0,0,0,0,0,0,0,0,0,0,0,0,0,0,0,0,0,0,0,0,0,0,0,0,0,0,0,0,0,0,0,0,0,0,0,0,0,0,0,0,0,0,0,0,0,0,0,0,0,0,0,0,0,0,0,0,0,0,0,0,0,0,0,uuid:0a7f769b-b3a1-45af-bbdb-707f0f47a5a4,2-36-144-FA,26328176,uuid:0a7f769b-b3a1-45af-bbdb-707f0f47a5a4
10 août 2026 17:31:03,10 août 2026 16:40:51,10 août 2026 17:30:30,77c8c9d36f5d6e99,,,,posaf2026,2780,46.333333333333336,,,https://posaf.surveycto.com/view/submission-attachment/?uuid=uuid%3A7efe7e27-33a3-47b8-9a0d-209117d86ca1&file=TA_7efe7e27-33a3-47b8-9a0d-209117d86ca1.csv,10 août 2026,16:41:35,1,Musonda jeannette,1,hk Haut Katanga,6,hk Kasenga,22,hk Kaboka Hôpital Général de Référence,1-6-22,1-6-22-FA,-10.4019729,28.6094831,947.2,5.0,mois_7,an2026,8,19,27,3,24,27,18,9,27,2,0,2,0,2,2,2,0,2,2,0,2,0,2,2,2,0,2,0,0,0,0,0,0,0,0,0,21,25,46,5,41,46,21,25,46,5,41,46,8,19,27,3,24,27,1,0,1,0,1,1,8,19,27,3,24,27,8,19,27,3,24,27,2,8,27,1,1,1,0,2,3,0,2,0,1,1,2,3,6,0,4,8,19,27,27,6,8,14,0,14,14,0,0,0,0,0,0,0,0,0,0,0,0,8,19,27,3,24,27,0,0,0,0,0,0,4,4,8,8,54,62,0,0,0,0,0,0,3,1,4,0,4,4,0,0,0,0,0,0,4,4,8,8,0,8,3,1,4,0,4,4,0,0,0,0,0,0,8,4,4,8,8,0,8,3,1,4,0,4,4,0,0,0,0,0,0,0,0,0,0,0,0,0,0,0,0,0,0,0,0,0,0,0,0,uuid:7efe7e27-33a3-47b8-9a0d-209117d86ca1,1-6-22-FA,26328176,uuid:7efe7e27-33a3-47b8-9a0d-209117d86ca1
11 août 2026 09:26:20,11 août 2026 08:01:29,11 août 2026 08:29:23,3422e07fdae91c28,,,,posaf2026,1674,27.9,,,https://posaf.surveycto.com/view/submission-attachment/?uuid=uuid%3Ae833622c-316b-4811-84aa-3dcf1a253ce7&file=TA_e833622c-316b-4811-84aa-3dcf1a253ce7.csv,11 août 2026,08:01:43,1,Kadiebue,4,kr Kasai Central,65,kr Bena Leka,312,kr Bakwa Mbuyi Centre de Santé,4-65-312,4-65-312-FA,-4.8875508,21.9632412,0.0,8000.0,mois_6,an2026,104,114,218,95,123,218,165,53,218,0,0,0,0,0,0,0,0,0,54,41,95,19,76,95,50,45,95,0,0,0,0,0,0,0,0,0,54,41,95,19,76,95,0,0,0,0,0,0,54,41,95,19,76,95,0,0,0,0,0,0,11,4,15,4,11,15,11,4,15,4,11,15,4,0,15,0,0,4,0,0,2,2,1,2,0,1,1,2,0,0,0,11,4,15,15,0,0,0,0,0,0,0,0,0,0,0,0,0,0,0,0,0,0,0,0,0,0,0,0,0,0,0,0,0,0,20,26,46,16,30,46,0,1,1,0,1,1,2,3,5,0,5,5,0,0,0,0,0,0,20,26,46,16,30,46,2,3,5,0,5,5,0,0,0,0,0,0,46,10,14,24,10,14,24,2,3,5,0,5,5,0,0,0,0,0,0,10,14,24,10,14,24,1,2,3,0,3,3,0,0,0,0,0,0,uuid:e833622c-316b-4811-84aa-3dcf1a253ce7,4-65-312-FA,26328176,uuid:e833622c-316b-4811-84aa-3dcf1a253ce7
11 août 2026 09:26:25,11 août 2026 08:29:31,11 août 2026 09:05:05,3422e07fdae91c28,,,,posaf2026,2134,35.56666666666667,,,https://posaf.surveycto.com/view/submission-attachment/?uuid=uuid%3A5e4e92b7-4e2b-4ce8-8ed6-377783747d56&file=TA_5e4e92b7-4e2b-4ce8-8ed6-377783747d56.csv,11 août 2026,08:29:40,1,Kadiebue,4,kr Kasai Central,65,kr Bena Leka,312,kr Bakwa Mbuyi Centre de Santé,4-65-312,4-65-312-FA,,,,,mois_7,an2026,179,286,465,102,363,465,319,146,465,0,0,0,0,0,0,0,0,0,102,127,229,73,156,229,116,113,229,0,0,0,0,0,0,0,0,0,64,56,120,74,46,120,9,9,18,17,1,18,64,56,120,46,14,60,0,0,0,0,0,0,6,8,14,3,11,14,6,8,14,3,11,14,5,0,14,0,0,1,2,1,1,0,1,2,2,1,2,1,0,0,0,6,8,14,14,0,0,0,0,0,0,0,0,0,0,0,0,0,0,0,0,0,0,0,0,0,0,0,0,0,0,0,0,0,0,0,0,0,0,0,0,0,0,0,0,0,0,1,2,3,0,3,3,0,0,0,0,0,0,0,0,0,0,0,0,0,2,2,0,2,2,0,0,0,0,0,0,0,0,0,0,0,0,0,0,0,0,0,0,0,0,0,0,0,0,0,0,0,0,0,0,0,0,0,0,0,0,0,0,0,0,0,0,0,uuid:5e4e92b7-4e2b-4ce8-8ed6-377783747d56,4-65-312-FA,26328176,uuid:5e4e92b7-4e2b-4ce8-8ed6-377783747d56
11 août 2026 11:10:27,11 août 2026 10:39:48,11 août 2026 11:00:15,6a2f2306c32f0c56,,,,posaf2026,1227,20.45,,,https://posaf.surveycto.com/view/submission-attachment/?uuid=uuid%3A0f18d083-c3c9-4741-864d-91a229f06b2e&file=TA_0f18d083-c3c9-4741-864d-91a229f06b2e.csv,10 août 2026,10:40:06,1,Pascal SANGWA YA LWAMBA,9,tn Tanganyika,174,tn Kongolo,799,tn Keba Centre de Santé,9-174-799,9-174-799-FA,-5.349375,27.029821,544.8,3.9,mois_7,an2026,11,4,15,1,14,15,0,15,15,0,0,0,0,0,0,0,0,0,13,5,18,1,17,18,1,17,18,0,0,0,0,0,0,0,0,0,4,7,11,11,0,11,0,0,0,0,0,0,11,4,15,1,14,15,0,0,0,0,0,0,11,4,15,1,14,15,11,4,15,1,14,15,1,0,15,0,0,0,0,0,0,0,0,0,0,0,0,0,0,0,0,0,0,0,0,0,0,0,0,0,0,0,0,0,0,0,0,0,0,0,0,0,0,0,0,0,0,0,0,0,0,0,0,0,0,4,7,11,11,0,11,0,0,0,0,0,0,0,1,1,0,1,1,0,0,0,0,0,0,0,0,0,0,0,0,0,0,0,0,0,0,0,0,0,0,0,0,0,0,0,0,0,0,0,0,0,0,0,0,0,0,0,0,0,0,0,0,0,0,0,0,0,0,0,0,0,0,0,0,0,0,0,0,0,uuid:0f18d083-c3c9-4741-864d-91a229f06b2e,9-174-799-FA,26328176,uuid:0f18d083-c3c9-4741-864d-91a229f06b2e
11 août 2026 12:41:50,11 août 2026 02:39:58,11 août 2026 12:28:47,063ea041af842feb,,,,posaf2026,2569,42.81666666666667,,,https://posaf.surveycto.com/view/submission-attachment/?uuid=uuid%3Ac648db1b-df31-4488-99a5-5106236aac99&file=TA_c648db1b-df31-4488-99a5-5106236aac99.csv,11 août 2026,09:14:34,1,Tshiebue Emmanuel,4,kr Kasai Central,71,kr Dibaya,335,kr Fuamba Centre de Santé,4-71-335,4-71-335-FA,-6.3369976,22.877025,847.7,4.7,mois_6,an2026,28,70,98,20,78,98,67,31,98,0,0,0,0,0,0,0,0,0,28,70,98,20,78,98,67,31,98,0,0,0,0,0,0,0,0,0,28,70,98,20,70,90,0,0,0,0,0,0,4,6,10,4,6,10,0,0,0,0,0,0,4,6,10,4,6,10,4,6,10,4,6,10,0,1,11,0,0,3,1,0,0,1,0,0,0,0,1,0,2,0,2,4,6,10,10,0,0,0,0,0,0,0,0,0,0,0,0,0,0,0,0,0,0,0,0,0,0,0,0,0,0,0,0,0,0,6,6,12,6,6,12,6,6,12,6,6,12,0,0,0,0,0,0,0,0,0,0,0,0,6,6,12,6,6,12,0,0,0,0,0,0,0,0,0,0,0,0,12,6,6,12,6,6,12,0,0,0,0,0,0,0,0,0,0,0,0,6,6,12,6,6,12,0,0,0,0,0,0,0,0,0,0,0,0,uuid:c648db1b-df31-4488-99a5-5106236aac99,4-71-335-FA,26328176,uuid:c648db1b-df31-4488-99a5-5106236aac99
11 août 2026 12:41:51,11 août 2026 12:29:05,11 août 2026 12:41:31,063ea041af842feb,,,,posaf2026,746,12.433333333333334,,,https://posaf.surveycto.com/view/submission-attachment/?uuid=uuid%3A7564d7b3-724d-48a6-8683-e1030fa21059&file=TA_7564d7b3-724d-48a6-8683-e1030fa21059.csv,11 août 2026,12:29:16,1,Tshiebue Emmanuel,4,kr Kasai Central,71,kr Dibaya,335,kr Fuamba Centre de Santé,4-71-335,4-71-335-FA,-6.3369984,22.8773329,802.7,3.1,mois_7,an2026,82,120,202,56,146,202,118,84,202,0,0,0,0,0,0,0,0,0,82,120,202,56,146,202,118,84,202,0,0,0,0,0,0,0,0,0,82,120,202,56,146,202,0,0,0,0,0,0,11,11,22,8,14,22,0,0,0,0,0,0,11,11,22,8,14,22,11,11,22,8,14,22,0,2,22,0,0,5,3,1,2,3,2,0,1,0,1,1,1,1,1,11,11,22,22,3,4,7,2,5,7,0,0,0,0,0,0,0,0,0,0,0,0,0,0,0,0,0,0,0,0,0,0,0,0,13,14,27,10,17,27,13,14,27,10,17,27,0,0,0,0,0,0,0,0,0,0,0,0,13,14,27,10,17,27,0,0,0,0,0,0,0,0,0,0,0,0,27,13,14,27,10,17,27,0,0,0,0,0,0,0,0,0,0,0,0,13,14,27,10,17,27,0,0,0,0,0,0,0,0,0,0,0,0,uuid:7564d7b3-724d-48a6-8683-e1030fa21059,4-71-335-FA,26328176,uuid:7564d7b3-724d-48a6-8683-e1030fa21059
11 août 2026 14:34:33,11 août 2026 14:41:41,11 août 2026 14:58:56,a43770f865a3d860,,,,posaf2026,1035,17.25,,,https://posaf.surveycto.com/view/submission-attachment/?uuid=uuid%3A7d03c23b-d686-47a5-9e0a-e3c67944694b&file=TA_7d03c23b-d686-47a5-9e0a-e3c67944694b.csv,11 juil. 2026,14:42:21,1,Ngalamulume marcel,4,kr Kasai Central,79,kr Lukonga,373,kr Tudikolele Centre de Santé,4-79-373,4-79-373-FA,-5.8682107,22.387056,0.0,39.6,mois_7,an2026,39,24,63,3,60,63,5,58,63,0,0,0,0,0,0,0,0,0,39,24,63,3,60,63,5,58,63,0,0,0,0,0,0,0,0,0,39,24,63,3,60,63,39,24,63,3,60,63,16,6,22,2,20,22,0,0,0,0,0,0,13,4,17,1,16,17,13,4,17,1,16,17,2,2,4,0,0,2,0,3,3,5,2,3,1,2,0,0,0,1,0,16,6,22,22,0,0,0,0,0,0,0,0,0,0,0,0,0,0,0,0,0,0,0,0,0,0,0,0,0,0,0,0,0,0,0,0,0,0,0,0,0,0,0,0,0,0,0,0,0,0,0,0,0,0,0,0,0,0,0,0,0,0,0,0,0,0,0,0,0,0,0,0,0,0,0,0,0,0,0,0,0,0,0,0,0,0,0,0,0,0,0,0,0,0,0,0,0,0,0,0,0,0,0,0,0,0,0,0,0,0,0,0,0,uuid:7d03c23b-d686-47a5-9e0a-e3c67944694b,4-79-373-FA,26328176,uuid:7d03c23b-d686-47a5-9e0a-e3c67944694b
11 août 2026 14:34:34,11 août 2026 14:05:13,11 août 2026 15:28:57,a43770f865a3d860,,,,posaf2026,1743,29.05,,,https://posaf.surveycto.com/view/submission-attachment/?uuid=uuid%3A40671363-7604-427f-bd00-f618814736fb&file=TA_40671363-7604-427f-bd00-f618814736fb.csv,11 août 2026,14:06:33,1,Ngalamulume marcel,4,kr Kasai Central,79,kr Lukonga,373,kr Tudikolele Centre de Santé,4-79-373,4-79-373-FA,-5.8682108,22.3870563,0.0,36.9,mois_6,,16,28,44,10,34,44,20,24,44,0,0,0,0,0,0,0,0,0,16,28,44,10,34,44,20,24,44,0,0,0,0,0,0,0,0,0,16,28,44,10,34,44,16,28,44,10,34,44,8,6,14,3,11,14,0,0,0,0,0,0,6,7,13,2,11,13,6,7,13,2,11,13,0,0,13,0,1,1,1,1,2,2,1,1,0,0,1,0,1,0,1,5,8,13,13,6,7,13,2,11,13,0,0,0,0,0,0,0,0,0,0,0,0,0,0,0,0,0,0,0,0,0,0,0,0,0,0,0,0,0,0,0,0,0,0,0,0,0,0,0,0,0,0,0,0,0,0,0,0,0,0,0,0,0,0,0,0,0,0,0,0,0,0,0,0,0,0,0,0,0,0,0,0,0,0,0,0,0,0,0,0,0,0,0,0,0,0,0,0,0,0,0,0,0,0,0,0,0,0,0,0,0,0,0,uuid:40671363-7604-427f-bd00-f618814736fb,4-79-373-FA,26328176,uuid:40671363-7604-427f-bd00-f618814736fb
11 août 2026 14:37:19,11 août 2026 14:17:45,11 août 2026 14:37:00,1faff3687876f749,,,,posaf2026,1155,19.25,,,https://posaf.surveycto.com/view/submission-attachment/?uuid=uuid%3A9e8de155-26ad-4ab3-b9a8-df7a0def77b1&file=TA_9e8de155-26ad-4ab3-b9a8-df7a0def77b1.csv,11 août 2026,14:17:55,1,LUKOMBO DESIRE,4,kr Kasai Central,86,kr Tshibala,398,kr Nguema Centre de Santé de Référence,4-86-398,4-86-398-FA,,,,,mois_7,an2026,295,355,650,399,251,650,597,53,650,0,0,0,0,0,0,0,0,0,31,38,69,8,61,69,16,53,69,0,0,0,0,0,0,0,0,0,31,38,69,8,61,69,0,0,0,0,0,0,5,0,5,1,4,5,0,0,0,0,0,0,4,0,4,1,3,4,4,0,4,1,3,4,1,0,5,0,0,1,0,1,0,2,0,0,0,1,0,0,0,0,0,5,0,5,5,0,0,0,0,0,0,0,0,0,0,0,0,0,0,0,0,0,0,0,0,0,0,0,0,0,0,0,0,0,0,0,0,0,0,0,0,0,0,0,0,0,0,0,0,0,0,0,0,0,0,0,0,0,0,0,0,0,0,0,0,0,0,0,0,0,0,0,0,0,0,0,0,0,0,0,0,0,0,0,0,0,0,0,0,0,0,0,0,0,0,0,0,0,0,0,0,0,0,0,0,0,0,0,0,0,0,0,0,0,uuid:9e8de155-26ad-4ab3-b9a8-df7a0def77b1,4-86-398-FA,26328176,uuid:9e8de155-26ad-4ab3-b9a8-df7a0def77b1
11 août 2026 14:52:59,11 août 2026 15:31:13,11 août 2026 15:47:10,a43770f865a3d860,,,,posaf2026,957,15.95,,,https://posaf.surveycto.com/view/submission-attachment/?uuid=uuid%3A0bed9b31-8553-48c4-adc8-95a47497c63f&file=TA_0bed9b31-8553-48c4-adc8-95a47497c63f.csv,11 août 2026,15:35:15,1,Ngalamulume marcel,4,kr Kasai Central,79,kr Lukonga,373,kr Tudikolele Centre de Santé,4-79-373,4-79-373-FA,-5.8682098,22.3870565,0.0,45.6,mois_6,an2026,16,28,44,10,34,44,20,24,44,0,0,0,0,0,0,0,0,0,16,28,44,10,34,44,20,24,44,0,0,0,0,0,0,0,0,0,16,28,44,10,34,44,16,28,44,10,34,44,8,6,14,3,11,14,0,0,0,0,0,0,6,7,13,2,11,13,6,7,13,2,11,13,0,0,0,0,1,1,1,1,2,2,2,1,0,0,1,0,1,0,1,5,9,14,14,0,0,0,0,0,0,0,0,0,0,0,0,0,0,0,0,0,0,0,0,0,0,0,0,0,0,0,0,0,0,0,0,0,0,0,0,0,0,0,0,0,0,0,0,0,0,0,0,0,0,0,0,0,0,0,0,0,0,0,0,0,0,0,0,0,0,0,0,0,0,0,0,0,0,0,0,0,0,0,0,0,0,0,0,0,0,0,0,0,0,0,0,0,0,0,0,0,0,0,0,0,0,0,0,0,0,0,0,0,uuid:0bed9b31-8553-48c4-adc8-95a47497c63f,4-79-373-FA,26328176,uuid:0bed9b31-8553-48c4-adc8-95a47497c63f
11 août 2026 14:53:10,11 août 2026 13:41:07,11 août 2026 14:08:16,6a3bfdc89e6515a9,,,,posaf2026,1629,27.15,,,https://posaf.surveycto.com/view/submission-attachment/?uuid=uuid%3A9ee02dcd-1a1e-4836-ba4a-0a9f41940d2f&file=TA_9ee02dcd-1a1e-4836-ba4a-0a9f41940d2f.csv,7 juil. 2026,09:29:10,1,Annette Tambabiebe,4,kr Kasai Central,70,kr Demba,329,kr Demba Cité Centre de Santé,4-70-329,4-70-329-FA,-5.4981756,22.2698345,0.0,200.0,mois_7,an2026,71,79,150,3,147,150,78,72,150,0,0,0,0,0,0,0,0,0,71,79,150,3,147,150,78,72,150,0,0,0,0,0,0,0,0,0,71,79,150,3,147,150,71,79,150,3,147,150,10,9,19,0,19,19,0,0,0,0,0,0,14,5,19,0,19,19,14,5,19,0,19,19,2,3,24,0,0,3,0,1,2,5,2,1,2,3,2,1,2,0,0,14,10,24,24,10,5,15,0,19,19,0,0,0,0,0,0,0,0,0,0,0,0,0,0,0,0,0,0,0,0,0,0,0,0,9,11,20,17,3,20,0,0,0,0,0,0,0,2,2,2,0,2,0,0,0,0,0,0,9,11,20,17,3,20,0,2,2,2,0,2,0,0,0,0,0,0,20,9,11,20,17,3,20,0,0,0,0,0,0,0,0,0,0,0,0,9,11,20,17,3,20,0,0,0,0,0,0,0,0,0,0,0,0,uuid:9ee02dcd-1a1e-4836-ba4a-0a9f41940d2f,4-70-329-FA,26328176,uuid:9ee02dcd-1a1e-4836-ba4a-0a9f41940d2f
11 août 2026 14:57:05,11 août 2026 14:40:21,11 août 2026 14:56:54,1faff3687876f749,,,,posaf2026,993,16.55,,,https://posaf.surveycto.com/view/submission-attachment/?uuid=uuid%3A9c8af509-208e-4abd-b0a1-b90c5cae6bc0&file=TA_9c8af509-208e-4abd-b0a1-b90c5cae6bc0.csv,11 août 2026,14:40:27,1,LUKOMBO DESIRE,4,kr Kasai Central,86,kr Tshibala,398,kr Nguema Centre de Santé de Référence,4-86-398,4-86-398-FA,,,,,mois_6,an2026,314,351,665,245,420,665,588,77,665,0,0,0,0,0,0,0,0,0,37,52,89,6,83,89,12,77,89,0,0,0,0,0,0,0,0,0,37,52,89,6,83,89,0,0,0,0,0,0,15,4,19,2,17,19,0,0,0,0,0,0,9,4,13,0,12,12,9,3,12,0,12,12,5,2,19,1,0,1,0,5,1,0,1,2,0,3,1,3,1,0,0,15,4,19,19,0,0,0,0,0,0,0,0,0,0,0,0,0,0,0,0,0,0,0,0,0,0,0,0,0,0,0,0,0,0,0,0,0,0,0,0,0,0,0,0,0,0,0,0,0,0,0,0,0,0,0,0,0,0,0,0,0,0,0,0,0,0,0,0,0,0,0,0,0,0,0,0,0,0,0,0,0,0,0,0,0,0,0,0,0,0,0,0,0,0,0,0,0,0,0,0,0,0,0,0,0,0,0,0,0,0,0,0,0,uuid:9c8af509-208e-4abd-b0a1-b90c5cae6bc0,4-86-398-FA,26328176,uuid:9c8af509-208e-4abd-b0a1-b90c5cae6bc0
11 août 2026 15:04:20,11 août 2026 15:48:12,11 août 2026 15:58:52,a43770f865a3d860,,,,posaf2026,640,10.666666666666666,,,https://posaf.surveycto.com/view/submission-attachment/?uuid=uuid%3Aad22e329-3656-4d6d-a8fd-f7cf6f3da239&file=TA_ad22e329-3656-4d6d-a8fd-f7cf6f3da239.csv,11 juil. 2026,15:48:41,1,Ngalamulume marcel,4,kr Kasai Central,79,kr Lukonga,373,kr Tudikolele Centre de Santé,4-79-373,4-79-373-FA,-5.8682124,22.3870673,0.0,52.4,mois_7,an2026,39,24,63,3,60,63,5,58,63,0,0,0,0,0,0,0,0,0,39,24,63,3,60,63,5,58,63,0,0,0,0,0,0,0,0,0,39,24,63,3,60,63,39,24,63,3,60,63,16,6,22,2,20,22,0,0,0,0,0,0,13,4,17,1,16,17,13,4,17,1,16,17,2,2,4,0,0,2,0,3,3,5,2,3,1,2,0,0,0,1,0,16,6,22,22,0,0,0,0,0,0,0,0,0,0,0,0,0,0,0,0,0,0,0,0,0,0,0,0,0,0,0,0,0,0,0,0,0,0,0,0,0,0,0,0,0,0,0,0,0,0,0,0,0,0,0,0,0,0,0,0,0,0,0,0,0,0,0,0,0,0,0,0,0,0,0,0,0,0,0,0,0,0,0,0,0,0,0,0,0,0,0,0,0,0,0,0,0,0,0,0,0,0,0,0,0,0,0,0,0,0,0,0,0,uuid:ad22e329-3656-4d6d-a8fd-f7cf6f3da239,4-79-373-FA,26328176,uuid:ad22e329-3656-4d6d-a8fd-f7cf6f3da239
11 août 2026 15:20:00,11 août 2026 13:38:35,11 août 2026 15:06:25,6ec40bbc855f4aa0,,,,posaf2026,3368,56.13333333333333,,,https://posaf.surveycto.com/view/submission-attachment/?uuid=uuid%3A467d1897-7d63-41ca-9bcb-d12c6bad2eda&file=TA_467d1897-7d63-41ca-9bcb-d12c6bad2eda.csv,11 août 2026,14:40:16,1,KALENDA MULUMBA PROSPER,4,kr Kasai Central,84,kr Ndekesha,391,kr Ndekesha Hôpital Général de Référence,4-84-391,4-84-391-FA,-6.4920164,22.0341468,790.5,1.0,mois_7,an2026,111,167,278,60,218,278,253,25,278,0,0,0,0,0,0,0,0,0,80,91,171,20,151,171,146,25,171,0,0,0,0,0,0,0,0,0,43,38,81,3,78,81,8,3,11,0,11,11,11,2,13,0,13,13,0,0,0,0,0,0,8,3,11,0,11,11,8,3,11,0,11,11,2,0,13,0,0,0,0,1,0,0,0,1,0,1,1,2,0,3,0,8,1,9,9,0,0,0,0,0,0,0,0,0,0,0,0,0,0,0,0,0,0,0,0,0,0,0,0,0,0,0,0,0,0,0,0,0,0,0,0,0,0,0,0,0,0,1,1,2,1,2,3,0,0,0,0,0,0,0,0,0,0,0,0,0,0,0,0,0,0,0,0,0,0,0,0,0,0,0,0,0,0,0,0,0,0,0,0,0,0,0,0,0,0,0,0,0,0,0,0,0,0,0,0,0,0,0,0,0,0,0,0,0,uuid:467d1897-7d63-41ca-9bcb-d12c6bad2eda,4-84-391-FA,26328176,uuid:467d1897-7d63-41ca-9bcb-d12c6bad2eda
11 août 2026 15:20:00,11 août 2026 14:35:03,11 août 2026 15:03:44,6ec40bbc855f4aa0,,,,posaf2026,1590,26.5,,,https://posaf.surveycto.com/view/submission-attachment/?uuid=uuid%3A4c75ceb6-34a3-4778-92dd-b11366a202e9&file=TA_4c75ceb6-34a3-4778-92dd-b11366a202e9.csv,11 août 2026,14:35:31,1,KALENDA MULUMBA PROSPER,4,kr Kasai Central,84,kr Ndekesha,391,kr Ndekesha Hôpital Général de Référence,4-84-391,4-84-391-FA,-6.4920171,22.034229,778.5,1.6,mois_6,an2026,95,212,307,81,226,307,291,16,307,0,0,0,0,0,0,0,0,0,105,85,190,35,155,190,174,16,190,0,0,0,0,0,0,0,0,0,40,49,89,6,83,89,0,0,0,0,0,0,10,4,14,2,12,14,0,0,0,0,0,0,8,4,12,0,0,0,8,4,12,0,0,0,1,1,14,0,1,0,1,0,1,1,0,2,0,2,2,3,0,1,1,9,6,15,15,0,0,0,0,0,0,0,0,0,0,0,0,0,0,0,0,0,0,0,0,0,0,0,0,0,0,0,0,0,0,0,0,0,0,0,0,0,0,0,0,0,0,2,1,3,0,3,3,0,0,0,0,0,0,0,0,0,0,0,0,0,0,0,0,0,0,0,0,0,0,0,0,0,0,0,0,0,0,0,0,0,0,0,0,0,0,0,0,0,0,0,0,0,0,0,0,0,0,0,0,0,0,0,0,0,0,0,0,0,uuid:4c75ceb6-34a3-4778-92dd-b11366a202e9,4-84-391-FA,26328176,uuid:4c75ceb6-34a3-4778-92dd-b11366a202e9
11 août 2026 15:22:02,11 août 2026 11:12:50,11 août 2026 12:02:48,a8ba9a094230cf3e,,,,posaf2026,2739,45.65,,,https://posaf.surveycto.com/view/submission-attachment/?uuid=uuid%3A3a6ca3fc-8cc2-487f-9b59-4e9801a02748&file=TA_3a6ca3fc-8cc2-487f-9b59-4e9801a02748.csv,11 août 2026,11:13:18,1,Sébastien mulumba buabua,4,kr Kasai Central,70,kr Demba,328,kr Bena Mbala Centre de Santé de Référence,4-70-328,4-70-328-FA,-5.4739338,22.2683598,632.4,3.2,mois_7,an2026,103,135,238,74,164,238,188,50,238,0,0,0,0,0,0,0,0,0,51,58,109,9,100,109,31,78,109,0,0,0,0,0,0,0,0,0,51,58,109,9,100,109,0,0,0,0,0,0,6,8,14,3,11,14,0,0,0,0,0,0,5,6,11,2,9,11,5,6,11,2,9,11,2,1,14,0,0,2,1,0,2,0,3,1,1,2,1,0,0,1,0,6,8,14,14,5,6,11,2,9,11,0,0,0,0,0,0,0,0,0,0,0,0,0,0,0,0,0,0,0,0,0,0,0,0,12,16,28,18,10,28,12,16,28,18,10,28,0,0,0,0,0,0,0,0,0,0,0,0,12,16,28,18,10,28,0,0,0,0,0,0,0,0,0,0,0,0,28,12,16,28,18,10,28,0,0,0,0,0,0,0,0,0,0,0,0,12,16,28,18,10,28,0,0,0,0,0,0,0,0,0,0,0,0,uuid:3a6ca3fc-8cc2-487f-9b59-4e9801a02748,4-70-328-FA,26328176,uuid:3a6ca3fc-8cc2-487f-9b59-4e9801a02748
11 août 2026 15:22:16,10 août 2026 19:32:26,11 août 2026 14:03:18,6138e82d743bc4f9,,,,posaf2026,8086,134.76666666666668,,,https://posaf.surveycto.com/view/submission-attachment/?uuid=uuid%3Ae7708e9c-a514-46d8-ae51-a821e3236152&file=TA_e7708e9c-a514-46d8-ae51-a821e3236152.csv,10 août 2026,19:32:52,1,TSHIKALA LUBENGA Donat,2,hl Haut Lomami,36,hl Kinda,141,hl Kalalo Centre de Santé,2-36-141,2-36-141-FA,,,,,mois_7,an2026,7,10,17,4,13,17,8,9,17,0,0,0,0,0,0,0,0,0,7,10,17,4,13,17,8,9,17,0,0,0,0,0,0,0,0,0,7,10,17,4,13,17,0,0,0,0,0,0,0,2,2,1,1,2,0,0,0,0,0,0,0,2,2,1,1,2,0,2,2,1,1,2,0,0,2,2,0,0,1,0,0,0,0,0,0,0,0,0,1,0,0,2,2,4,4,0,0,0,0,0,0,0,0,0,0,0,0,0,0,0,0,0,0,0,0,0,0,0,0,0,0,0,0,0,0,10,20,30,5,25,30,0,0,0,0,0,0,0,0,0,0,0,0,0,0,0,0,0,0,10,20,30,5,25,30,0,0,0,0,0,0,0,0,0,0,0,0,5,3,2,5,5,0,5,0,0,0,0,0,0,0,0,0,0,0,0,3,2,5,5,0,5,0,0,0,0,0,0,0,0,0,0,0,0,uuid:e7708e9c-a514-46d8-ae51-a821e3236152,2-36-141-FA,26328176,uuid:e7708e9c-a514-46d8-ae51-a821e3236152
11 août 2026 15:22:16,10 août 2026 22:05:01,11 août 2026 13:17:38,6138e82d743bc4f9,,,,posaf2026,2284,38.06666666666667,,,https://posaf.surveycto.com/view/submission-attachment/?uuid=uuid%3Ac3b86eb8-eef2-4dbc-a105-74eabdc1fe5e&file=TA_c3b86eb8-eef2-4dbc-a105-74eabdc1fe5e.csv,10 août 2026,22:05:27,1,MONGA WA BANZE MICHEL,2,hl Haut Lomami,36,hl Kinda,142,hl Kinda Hôpital Général de Référence,2-36-142,2-36-142-FA,,,,,mois_7,an2026,3,2,5,2,3,5,2,3,5,0,0,0,0,0,0,0,0,0,3,2,5,2,3,5,2,3,5,0,0,0,0,0,0,0,0,0,3,2,5,2,3,5,0,0,0,0,0,0,1,0,1,0,1,1,0,0,0,0,0,0,1,0,1,0,1,1,1,0,1,0,1,1,0,0,1,1,0,0,0,1,0,0,0,0,0,0,0,0,0,0,0,2,0,2,2,0,0,0,0,0,0,0,0,0,0,0,0,0,0,0,0,0,0,0,0,0,0,0,0,0,0,0,0,0,0,7,6,13,3,13,16,0,0,0,0,0,0,0,0,0,0,0,0,0,0,0,0,0,0,7,6,13,3,10,13,0,0,0,0,0,0,0,0,0,0,0,0,3,2,1,3,3,0,3,0,0,0,0,0,0,0,0,0,0,0,0,2,1,3,3,0,3,0,0,0,0,0,0,0,0,0,0,0,0,uuid:c3b86eb8-eef2-4dbc-a105-74eabdc1fe5e,2-36-142-FA,26328176,uuid:c3b86eb8-eef2-4dbc-a105-74eabdc1fe5e
11 août 2026 15:22:17,10 août 2026 21:27:59,11 août 2026 12:59:48,6138e82d743bc4f9,,,,posaf2026,4141,69.01666666666667,,,https://posaf.surveycto.com/view/submission-attachment/?uuid=uuid%3A16a2218f-2a1b-4c94-bb04-ca797c42aec7&file=TA_16a2218f-2a1b-4c94-bb04-ca797c42aec7.csv,10 août 2026,21:28:28,1,NDAY MONGA Germaine,2,hl Haut Lomami,36,hl Kinda,143,hl Luabo Centre Hospitalier,2-36-143,2-36-143-FA,,,,,mois_7,an2026,6,5,11,0,11,11,6,5,11,0,0,0,0,0,0,0,0,0,28,12,40,25,15,40,12,28,40,0,0,0,0,0,0,0,0,0,6,5,11,0,11,11,0,0,0,0,0,0,1,0,1,0,1,1,0,0,0,0,0,0,0,0,0,0,0,0,0,0,0,0,0,0,0,0,0,0,0,0,0,0,0,1,0,0,0,0,0,0,0,0,0,1,0,1,1,0,0,0,0,0,0,0,0,0,0,0,0,0,0,0,0,0,0,0,0,0,0,0,0,0,0,0,0,0,0,9,11,20,4,16,20,0,0,0,0,0,0,0,0,0,0,0,0,0,0,0,0,0,0,9,11,20,4,16,20,0,0,0,0,0,0,0,0,0,0,0,0,4,2,2,4,4,0,4,0,0,0,0,0,0,0,0,0,0,0,0,2,2,4,4,0,4,0,0,0,0,0,0,0,0,0,0,0,0,uuid:16a2218f-2a1b-4c94-bb04-ca797c42aec7,2-36-143-FA,26328176,uuid:16a2218f-2a1b-4c94-bb04-ca797c42aec7
11 août 2026 15:27:47,11 août 2026 15:25:48,11 août 2026 16:26:11,e3f442f30c9caf8b,,,,posaf2026,1164,19.4,,,https://posaf.surveycto.com/view/submission-attachment/?uuid=uuid%3A481179f8-c1cb-4a23-9048-e222c96ae344&file=TA_481179f8-c1cb-4a23-9048-e222c96ae344.csv,11 août 2026,15:26:26,1,KABUE,4,kr Kasai Central,70,kr Demba,332,kr Tshisuyi Centre de Santé,4-70-332,4-70-332-FA,-5.3040172,22.3651693,612.2,4.6,mois_7,an2026,72,36,108,7,101,108,42,66,108,0,0,0,0,0,0,0,0,0,72,36,108,7,101,108,42,66,108,0,0,0,0,0,0,0,0,0,72,36,108,7,101,108,0,0,0,0,0,0,11,8,19,2,16,18,0,0,0,0,0,0,10,6,16,0,16,16,10,6,16,0,16,16,1,2,19,0,0,1,1,1,3,5,1,3,3,1,0,0,0,0,0,11,8,19,19,10,6,16,0,16,16,0,0,0,0,0,0,0,0,0,0,0,0,0,0,0,0,0,0,0,0,0,0,0,0,47,38,85,24,61,85,4,5,9,0,9,9,0,0,0,0,0,0,0,0,0,0,0,0,12,12,24,24,0,24,0,0,0,0,0,0,0,0,0,0,0,0,24,12,12,24,24,0,24,0,0,0,0,0,0,0,0,0,0,0,0,12,12,24,24,0,24,0,0,0,0,0,0,0,0,0,0,0,0,uuid:481179f8-c1cb-4a23-9048-e222c96ae344,4-70-332-FA,26328176,uuid:481179f8-c1cb-4a23-9048-e222c96ae344
11 août 2026 15:27:47,11 août 2026 15:45:24,11 août 2026 16:26:29,e3f442f30c9caf8b,,,,posaf2026,730,12.166666666666666,,,https://posaf.surveycto.com/view/submission-attachment/?uuid=uuid%3A1dcf5447-a77c-4a13-bbd6-6e280e7ecd02&file=TA_1dcf5447-a77c-4a13-bbd6-6e280e7ecd02.csv,11 août 2026,15:45:46,1,KABUE,4,kr Kasai Central,70,kr Demba,332,kr Tshisuyi Centre de Santé,4-70-332,4-70-332-FA,-5.3040632,22.3651963,634.5,4.3,mois_6,an2026,58,43,101,4,97,101,61,40,101,0,0,0,0,0,0,0,0,0,58,43,101,4,97,101,61,40,101,0,0,0,0,0,0,0,0,0,58,43,101,4,97,101,0,0,0,0,0,0,8,7,15,0,15,15,0,0,0,0,0,0,6,5,11,0,11,11,6,5,11,0,11,11,4,0,15,0,0,0,0,1,3,2,4,5,0,0,0,0,0,0,0,8,7,15,15,6,5,11,0,11,11,0,0,0,0,0,0,0,0,0,0,0,0,0,0,0,0,0,0,0,0,0,0,0,0,39,31,70,19,51,70,1,2,3,0,3,3,0,0,0,0,0,0,0,0,0,0,0,0,12,7,19,19,0,19,0,0,0,0,0,0,0,0,0,0,0,0,19,12,7,19,19,0,19,0,0,0,0,0,0,0,0,0,0,0,0,12,7,19,19,0,19,0,0,0,0,0,0,0,0,0,0,0,0,uuid:1dcf5447-a77c-4a13-bbd6-6e280e7ecd02,4-70-332-FA,26328176,uuid:1dcf5447-a77c-4a13-bbd6-6e280e7ecd02
11 août 2026 15:44:29,11 août 2026 15:06:30,11 août 2026 15:36:32,1574f7a7a3599e62,,,,posaf2026,1802,30.033333333333335,,,https://posaf.surveycto.com/view/submission-attachment/?uuid=uuid%3Afbb3bede-b832-45ce-a900-efef74012fea&file=TA_fbb3bede-b832-45ce-a900-efef74012fea.csv,11 août 2026,15:06:34,1,Ilunga kalonga Bernard,4,kr Kasai Central,71,kr Dibaya,337,kr Moyo Katala Centre de Santé,4-71-337,4-71-337-FA,-6.4921039,22.8581854,849.9,1.0,mois_7,an2026,39,22,61,16,45,61,59,2,61,1,1,2,1,1,2,2,0,2,39,22,61,16,45,61,59,2,61,0,0,0,0,0,0,0,0,0,45,19,64,22,39,61,45,19,64,16,39,55,7,3,10,3,7,10,0,0,0,0,0,0,7,3,10,3,7,10,7,3,10,3,7,10,1,0,0,0,0,2,1,1,1,4,0,0,1,0,0,0,0,0,0,7,3,10,10,7,3,10,3,7,10,0,0,0,0,0,0,0,0,0,0,0,0,0,0,0,0,0,0,0,0,0,0,0,0,0,0,0,0,0,0,0,0,0,0,0,0,0,0,0,0,0,0,0,0,0,0,0,0,0,0,0,0,0,0,0,0,0,0,0,0,0,0,0,0,0,0,0,0,0,0,0,0,0,0,0,0,0,0,0,0,0,0,0,0,0,0,0,0,0,0,0,0,0,0,0,0,0,0,0,0,0,0,0,uuid:fbb3bede-b832-45ce-a900-efef74012fea,4-71-337-FA,26328176,uuid:fbb3bede-b832-45ce-a900-efef74012fea
11 août 2026 16:14:36,11 août 2026 15:29:27,11 août 2026 16:13:01,90c2e3beaabd0c0c,,,,posaf2026,2227,37.11666666666667,,,https://posaf.surveycto.com/view/submission-attachment/?uuid=uuid%3Ad71c6f41-eab0-4754-b88f-d7c64e7cd19c&file=TA_d71c6f41-eab0-4754-b88f-d7c64e7cd19c.csv,11 août 2026,15:29:46,4,Jules Milambo Tshinyambo,4,kr Kasai Central,76,kr Lubondaie,359,kr Kamponde Centre de Santé de Référence,4-76-359,4-76-359-FA,,,,,mois_7,an2026,16,19,35,11,24,35,5,30,35,0,0,0,0,0,0,0,0,0,16,19,35,11,24,35,5,30,35,0,0,0,0,0,0,0,0,0,16,19,35,11,24,35,0,0,0,0,0,0,3,1,4,1,3,4,0,0,0,0,0,0,2,1,3,1,2,3,2,1,3,1,2,3,1,0,4,0,0,1,0,0,0,1,1,0,0,1,0,0,0,0,0,3,1,4,4,0,0,0,0,0,0,0,0,0,0,0,0,0,0,0,0,0,0,0,0,0,0,0,0,0,0,0,0,0,0,4,5,9,9,0,9,0,0,0,0,0,0,0,1,1,0,1,1,4,5,9,9,0,9,0,0,0,0,0,0,0,1,1,0,1,1,0,0,0,0,0,0,0,0,0,0,0,0,0,0,0,0,0,0,0,0,0,0,0,0,0,0,0,0,0,0,0,0,0,0,0,0,0,0,0,0,0,0,0,uuid:d71c6f41-eab0-4754-b88f-d7c64e7cd19c,4-76-359-FA,26328176,uuid:d71c6f41-eab0-4754-b88f-d7c64e7cd19c
11 août 2026 16:18:26,10 août 2026 08:29:56,10 août 2026 14:14:29,c79b933492134231,,,,posaf2026,6107,101.78333333333333,,,https://posaf.surveycto.com/view/submission-attachment/?uuid=uuid%3Abadab74f-8d7c-4a50-bfb7-f015ac9246ff&file=TA_badab74f-8d7c-4a50-bfb7-f015ac9246ff.csv,10 août 2026,08:30:22,1,Kalombe,1,hk Haut Katanga,12,hk Kilwa,44,hk Lukonzolwa Centre de Santé de Référence,1-12-44,1-12-44-FA,-8.7798715,28.6390558,1034.9,2.4,mois_6,an2026,43,39,82,2,80,82,54,28,82,0,0,0,0,0,0,0,0,0,0,0,0,0,0,0,0,0,0,0,0,0,0,0,0,0,0,0,43,39,82,2,80,82,20,20,40,1,39,40,10,9,19,0,19,19,0,0,0,0,0,0,12,17,29,0,29,29,12,17,29,0,29,29,5,7,41,0,0,0,0,1,2,2,2,2,5,5,2,2,2,2,2,14,15,29,29,10,9,19,0,19,19,0,0,0,0,0,0,0,0,0,0,0,0,0,0,0,0,0,0,0,0,0,0,0,0,0,0,0,0,0,0,0,0,0,0,0,0,0,0,0,0,0,0,0,0,0,0,0,0,0,0,0,0,0,0,0,0,0,0,0,0,0,0,0,0,0,0,0,0,0,0,0,0,0,0,0,0,0,0,0,0,0,0,0,0,0,0,0,0,0,0,0,0,0,0,0,0,0,0,0,0,0,0,0,uuid:badab74f-8d7c-4a50-bfb7-f015ac9246ff,1-12-44-FA,26328176,uuid:badab74f-8d7c-4a50-bfb7-f015ac9246ff
11 août 2026 16:37:19,11 août 2026 11:30:07,11 août 2026 12:02:47,04f800d305e2bf38,,,+243993560975,posaf2026,1598,26.633333333333333,,,https://posaf.surveycto.com/view/submission-attachment/?uuid=uuid%3A2418aae6-1dd3-4303-88f2-eb6667a8b5ba&file=TA_2418aae6-1dd3-4303-88f2-eb6667a8b5ba.csv,11 août 2026,11:30:27,1,MUKENGE TSHIDIBU LOUIS,4,kr Kasai Central,70,kr Demba,330,kr Demba Hôpital Général de Référence,4-70-330,4-70-330-FA,-5.4740073,22.2684068,606.9,2.8,mois_7,an2026,210,305,515,60,455,515,215,300,515,0,0,0,0,0,0,0,0,0,83,113,196,27,169,196,70,126,196,0,0,0,0,0,0,0,0,0,83,113,196,27,169,196,83,113,196,27,169,196,15,12,27,1,26,27,0,0,0,0,0,0,15,12,27,1,26,27,15,12,27,1,26,27,0,0,27,0,1,0,0,0,0,3,4,6,2,7,1,2,1,0,0,18,9,27,27,15,12,27,1,26,27,0,0,0,0,0,0,0,0,0,0,0,0,0,0,0,0,0,0,0,0,0,0,0,0,29,32,61,18,43,61,29,32,61,18,43,61,0,0,0,0,0,0,0,0,0,0,0,0,29,32,61,18,43,61,0,0,0,0,0,0,0,0,0,0,0,0,61,29,32,61,18,43,61,0,0,0,0,0,0,0,0,0,0,0,0,29,32,61,18,43,61,0,0,0,0,0,0,0,0,0,0,0,0,uuid:2418aae6-1dd3-4303-88f2-eb6667a8b5ba,4-70-330-FA,26328176,uuid:2418aae6-1dd3-4303-88f2-eb6667a8b5ba
11 août 2026 17:54:09,10 août 2026 15:27:10,10 août 2026 15:46:58,c21bd4c7d21d53a7,,,+243110610756686,posaf2026,1188,19.8,,,https://posaf.surveycto.com/view/submission-attachment/?uuid=uuid%3Aa3ab5792-ad62-47fe-8318-6fd496645b4d&file=TA_a3ab5792-ad62-47fe-8318-6fd496645b4d.csv,10 août 2026,15:27:20,1,Mubande germain,7,sk Sud Kivu,143,sk Mulungu,653,sk Nzovu Centre de Santé de Référence,7-143-653,7-143-653-FA,,,,,mois_7,an2026,3,3,6,3,3,6,4,2,6,0,0,0,0,0,0,0,0,0,19,11,30,11,19,30,23,7,30,0,0,0,0,0,0,0,0,0,19,11,30,11,19,30,0,0,0,0,0,0,3,3,6,3,3,6,0,0,0,0,0,0,2,3,5,0,5,5,2,3,5,0,5,5,1,0,6,0,0,0,0,0,0,0,3,2,0,0,0,0,0,0,0,2,3,5,5,0,0,0,0,0,0,0,0,0,0,0,0,0,0,0,0,0,0,1,2,3,0,3,3,0,0,0,0,0,0,0,0,0,0,0,0,0,0,0,0,0,0,0,0,0,0,0,0,0,0,0,0,0,0,0,0,0,0,0,0,0,0,0,0,0,0,0,0,0,0,0,0,0,0,0,0,0,0,0,0,0,0,0,0,0,0,0,0,0,0,0,0,0,0,0,0,0,0,0,0,0,0,0,0,0,0,0,0,0,uuid:a3ab5792-ad62-47fe-8318-6fd496645b4d,7-143-653-FA,26328176,uuid:a3ab5792-ad62-47fe-8318-6fd496645b4d
11 août 2026 21:25:33,10 août 2026 20:29:41,11 août 2026 21:25:19,fbf161507479dc0a,,,,posaf2026,1594,26.566666666666666,,,https://posaf.surveycto.com/view/submission-attachment/?uuid=uuid%3Ac2ce0057-8ff5-4b60-9518-b3a407ca9e7c&file=TA_c2ce0057-8ff5-4b60-9518-b3a407ca9e7c.csv,10 août 2026,20:29:56,2,NGOMBE MUPEMBA THEODORE,4,kr Kasai Central,65,kr Bena Leka,313,kr Bena Leka Hôpital Général de Référence,4-65-313,4-65-313-FA,-5.9112031,22.4235588,588.9,10.4,mois_7,an2026,145,179,324,54,270,324,259,65,324,0,0,0,0,0,0,0,0,0,57,33,90,15,75,90,70,20,90,0,0,0,0,0,0,0,0,0,58,21,79,12,67,79,58,21,79,12,65,77,15,3,18,3,15,18,0,0,0,0,0,0,9,1,10,0,10,10,9,1,10,0,10,10,3,6,19,0,0,2,0,2,0,2,0,5,2,1,1,3,1,0,0,15,4,19,19,0,0,0,0,0,0,0,0,0,0,0,0,0,0,0,0,0,0,0,0,0,0,0,0,0,0,0,0,0,0,75,20,95,20,75,95,75,20,95,20,75,95,0,0,0,0,0,0,0,0,0,0,0,0,75,20,95,20,75,95,0,0,0,0,0,0,0,0,0,0,0,0,79,75,20,95,20,75,95,0,0,0,0,0,0,0,0,0,0,0,0,75,20,95,20,75,95,0,0,0,0,0,0,0,0,0,0,0,0,uuid:c2ce0057-8ff5-4b60-9518-b3a407ca9e7c,4-65-313-FA,26328176,uuid:c2ce0057-8ff5-4b60-9518-b3a407ca9e7c
12 août 2026 04:38:00,9 août 2026 11:00:29,12 août 2026 04:37:42,e9498e2168c4b863,,,,posaf2026,2638,43.96666666666667,,,https://posaf.surveycto.com/view/submission-attachment/?uuid=uuid%3Ac37da3d8-aa4c-4cd9-9e6c-3ff8e36f16b4&file=TA_c37da3d8-aa4c-4cd9-9e6c-3ff8e36f16b4.csv,9 août 2026,11:00:10,1,ILUNGA KYAMUTALELA  FLORIBERT,2,hl Haut Lomami,31,hl Kabondo Dianda,119,hl Kyabu Centre de Santé,2-31-119,2-31-119-FA,,,,,mois_7,an2026,27,36,63,11,52,63,46,17,63,0,0,0,0,0,0,0,0,0,27,36,63,11,52,63,46,17,63,0,0,0,0,0,0,0,0,0,27,36,63,11,52,63,0,0,0,0,0,0,3,7,10,1,10,11,0,0,0,0,0,0,2,4,6,0,6,6,2,4,6,0,6,6,2,3,11,0,0,0,1,1,0,0,3,0,1,1,1,1,2,0,0,3,8,11,11,0,0,0,0,0,0,0,0,0,0,0,0,0,0,0,0,0,0,0,0,0,0,0,0,0,0,0,0,0,0,5,6,11,4,7,11,0,2,2,0,2,2,0,0,0,0,0,0,0,0,0,0,0,0,5,6,11,4,5,9,0,0,0,0,0,0,0,0,0,0,0,0,9,5,4,9,4,5,9,0,0,0,0,0,0,0,0,0,0,0,0,5,4,9,4,5,9,0,0,0,0,0,0,0,0,0,0,0,0,uuid:c37da3d8-aa4c-4cd9-9e6c-3ff8e36f16b4,2-31-119-FA,26328176,uuid:c37da3d8-aa4c-4cd9-9e6c-3ff8e36f16b4
12 août 2026 04:38:01,9 août 2026 10:34:42,9 août 2026 11:00:16,e9498e2168c4b863,,,,posaf2026,1534,25.566666666666666,,,https://posaf.surveycto.com/view/submission-attachment/?uuid=uuid%3A9dc80166-946d-4091-ae00-df62a2871037&file=TA_9dc80166-946d-4091-ae00-df62a2871037.csv,9 août 2026,10:34:48,1,MANYONGA KAZADI JOSEPH,2,hl Haut Lomami,31,hl Kabondo Dianda,120,hl Nkimba Centre de Santé,2-31-120,2-31-120-FA,,,,,mois_7,an2026,11,14,25,0,25,25,3,22,25,0,0,0,0,0,0,0,0,0,19,6,25,0,25,25,3,22,25,0,0,0,0,0,0,0,0,0,9,6,15,0,15,15,0,0,0,0,0,0,3,2,5,0,5,5,0,0,0,0,0,0,1,2,3,0,3,3,1,2,3,0,3,3,0,2,5,0,0,0,0,1,1,0,0,1,0,1,0,0,1,0,0,3,2,5,5,0,0,0,0,0,0,0,0,0,0,0,0,0,0,0,0,0,0,0,0,0,0,0,0,0,0,0,0,0,0,0,0,0,0,0,0,0,0,0,0,0,0,0,0,0,0,0,0,0,0,0,0,0,0,0,0,0,0,0,0,0,0,0,0,0,0,0,0,0,0,0,0,0,0,0,0,0,0,0,0,0,0,0,0,0,0,0,0,0,0,0,0,0,0,0,0,0,0,0,0,0,0,0,0,0,0,0,0,0,uuid:9dc80166-946d-4091-ae00-df62a2871037,2-31-120-FA,26328176,uuid:9dc80166-946d-4091-ae00-df62a2871037
12 août 2026 08:35:36,12 août 2026 08:03:19,12 août 2026 08:34:41,96246bf593f0a3c4,,,,posaf2026,1728,28.8,,,https://posaf.surveycto.com/view/submission-attachment/?uuid=uuid%3Ac1083abf-6f1e-4e74-8496-7ef6741344d2&file=TA_c1083abf-6f1e-4e74-8496-7ef6741344d2.csv,5 août 2026,10:20:24,1,Ambroise ntambue,4,kr Kasai Central,83,kr Mutoto,386,kr Mbala Centre de Santé de référence,4-83-386,4-83-386-FA,-5.9046334,22.3938847,605.4,2.2,mois_7,an2026,740,1240,1980,408,1572,1980,1887,93,1980,0,0,0,0,0,0,0,0,0,321,552,873,219,654,873,802,71,873,0,0,0,0,0,0,0,0,0,97,78,175,56,119,175,3,2,5,0,5,5,11,16,27,7,20,27,0,0,0,0,0,0,7,11,18,4,14,18,7,11,18,4,14,18,4,5,27,0,0,4,3,3,3,1,4,0,3,1,0,1,2,1,1,11,16,27,27,3,2,5,0,0,0,1,0,1,0,0,0,0,0,0,0,0,0,0,0,0,0,0,0,0,0,0,0,0,0,4,7,11,5,6,11,1,1,2,0,2,2,0,0,0,0,0,0,0,0,0,0,0,0,0,0,0,0,0,0,0,0,0,0,0,0,0,0,0,0,0,0,0,0,0,0,0,0,0,0,0,0,0,0,0,0,0,0,0,0,0,0,0,0,0,0,0,0,0,0,0,0,0,0,0,0,0,0,0,uuid:c1083abf-6f1e-4e74-8496-7ef6741344d2,4-83-386-FA,26328176,uuid:c1083abf-6f1e-4e74-8496-7ef6741344d2
12 août 2026 09:03:45,12 août 2026 08:40:45,12 août 2026 09:03:22,084aa1d53cd5fa03,,,,posaf2026,1357,22.616666666666667,,,https://posaf.surveycto.com/view/submission-attachment/?uuid=uuid%3A27759923-84c1-4009-98bb-f07ad872b10c&file=TA_27759923-84c1-4009-98bb-f07ad872b10c.csv,12 août 2026,08:41:03,1,MUTWALE,2,hl Haut Lomami,34,hl Kaniama,135,hl Kimpanga Centre de Santé de Référence,2-34-135,2-34-135-FA,-7.9127952,24.3720309,999.7,4.6,mois_7,an2026,36,32,68,5,63,68,68,0,68,0,0,0,0,0,0,0,0,0,36,32,68,63,5,68,68,0,68,0,0,0,0,0,0,0,0,0,36,32,68,5,63,68,0,0,0,0,0,0,3,3,6,1,9,10,0,0,0,0,0,0,3,3,6,0,6,6,3,3,6,0,6,6,1,3,10,0,0,1,1,1,1,1,0,1,0,1,0,1,1,0,1,6,4,10,10,0,0,0,0,0,0,0,0,0,0,0,0,0,0,0,0,0,0,0,0,0,0,0,0,0,0,0,0,0,0,0,0,0,0,0,0,0,0,0,0,0,0,0,0,0,0,0,0,0,0,0,0,0,0,0,0,0,0,0,0,0,0,0,0,0,0,0,0,0,0,0,0,0,0,0,0,0,0,0,0,0,0,0,0,0,0,0,0,0,0,0,0,0,0,0,0,0,0,0,0,0,0,0,0,0,0,0,0,0,uuid:27759923-84c1-4009-98bb-f07ad872b10c,2-34-135-FA,26328176,uuid:27759923-84c1-4009-98bb-f07ad872b10c
12 août 2026 09:24:58,10 août 2026 13:04:09,11 août 2026 14:01:31,4b9735389e0dceb1,,,,posaf2026,1615,26.916666666666668,,,https://posaf.surveycto.com/view/submission-attachment/?uuid=uuid%3A9be6ab01-ceed-4dbd-a522-6b88f6e63474&file=TA_9be6ab01-ceed-4dbd-a522-6b88f6e63474.csv,10 juin 2026,13:30:39,1,MUGANZA,9,tn Tanganyika,179,tn Nyunzu,828,tn Kabeya May Centre de Santé,9-179-828,9-179-828-FA,-5.9502856,28.0210346,716.9,5.0,mois_6,an2026,8,4,12,0,12,12,12,0,12,3,3,6,0,6,6,6,0,6,5,1,6,0,6,6,6,0,6,0,0,0,0,0,0,0,0,0,6,6,12,0,12,12,6,6,12,0,6,6,6,6,12,0,6,6,2,1,3,0,3,3,3,3,6,0,6,6,3,3,6,0,6,6,6,6,12,0,0,0,0,0,0,0,0,0,0,0,0,0,0,0,0,0,0,0,0,0,0,0,0,0,0,0,0,0,0,0,0,0,0,0,0,0,0,0,0,0,0,0,0,0,0,0,0,0,0,14,12,26,8,34,42,0,0,0,0,0,0,6,7,13,0,13,13,0,0,0,0,0,0,2,3,5,0,5,5,4,2,6,0,6,6,0,0,0,0,0,0,9,2,2,4,0,4,4,0,0,0,0,0,0,0,0,0,0,0,0,0,0,0,0,0,0,0,0,0,0,0,0,0,0,0,0,0,0,uuid:9be6ab01-ceed-4dbd-a522-6b88f6e63474,9-179-828-FA,26328176,uuid:9be6ab01-ceed-4dbd-a522-6b88f6e63474
12 août 2026 10:08:33,11 août 2026 14:45:19,12 août 2026 09:58:26,1add1666d802d8f0,,,,posaf2026,3679,61.31666666666667,,,https://posaf.surveycto.com/view/submission-attachment/?uuid=uuid%3Aa6dc2534-a54e-4467-be8b-09f13ab243d7&file=TA_a6dc2534-a54e-4467-be8b-09f13ab243d7.csv,11 août 2026,14:45:26,1,Philippe Ilunga,4,kr Kasai Central,77,kr Lubunga,363,kr Bana Bantumba Centre de Santé de Référence,4-77-363,4-77-363-FA,-5.6236558,23.2660959,556.4,2.9,mois_7,an2026,20,15,35,6,29,35,21,14,35,0,0,0,0,0,0,0,0,0,20,15,35,6,29,35,21,14,35,0,0,0,0,0,0,0,0,0,20,15,35,6,29,35,0,0,0,0,0,0,1,2,3,1,2,3,0,0,0,0,0,0,0,2,2,0,2,2,0,2,2,0,2,2,0,1,3,0,0,0,0,0,0,0,0,0,0,0,1,0,1,0,0,0,2,2,2,0,0,0,0,0,0,0,0,0,0,0,0,0,0,0,0,0,0,0,2,2,0,2,2,0,0,0,0,0,0,0,0,0,0,0,0,0,0,0,0,0,0,0,0,0,0,0,0,0,0,0,0,0,0,0,0,0,0,0,0,0,0,0,0,0,0,0,0,0,0,0,0,0,0,0,0,0,0,0,0,0,0,0,0,0,0,0,0,0,0,0,0,0,0,0,0,0,0,0,0,0,0,0,0,0,0,0,0,0,uuid:a6dc2534-a54e-4467-be8b-09f13ab243d7,4-77-363-FA,26328176,uuid:a6dc2534-a54e-4467-be8b-09f13ab243d7
12 août 2026 10:27:05,12 août 2026 04:42:11,12 août 2026 10:23:52,e9498e2168c4b863,,,,posaf2026,5162,86.03333333333333,,,https://posaf.surveycto.com/view/submission-attachment/?uuid=uuid%3Afeabf784-3ec9-4a3f-9040-6286266d2937&file=TA_feabf784-3ec9-4a3f-9040-6286266d2937.csv,12 août 2026,04:42:20,1,BONDO KYONI MAENZE,2,hl Haut Lomami,43,hl Mulongo,170,hl Kabamba Centre de Santé,2-43-170,2-43-170-FA,,,,,mois_7,an2026,43,61,104,8,96,104,92,12,104,0,0,0,0,0,0,0,0,0,43,61,104,8,96,104,92,12,104,0,0,0,0,0,0,0,0,0,43,61,104,8,92,100,0,0,0,0,0,0,7,9,16,3,13,16,0,0,0,0,0,0,2,2,4,1,3,4,2,2,4,1,3,4,2,2,8,1,0,0,2,1,1,1,0,0,2,0,0,2,2,2,2,7,9,16,16,0,0,0,0,0,0,0,0,0,0,0,0,0,0,0,0,0,0,0,0,0,0,0,0,0,0,0,0,0,0,10,8,18,6,12,18,0,0,0,0,0,0,0,0,0,0,0,0,0,0,0,0,0,0,10,8,18,6,12,18,0,0,0,0,0,0,0,0,0,0,0,0,6,5,1,6,6,0,6,0,0,0,0,0,0,0,0,0,0,0,0,5,1,6,6,0,6,0,0,0,0,0,0,0,0,0,0,0,0,uuid:feabf784-3ec9-4a3f-9040-6286266d2937,2-43-170-FA,26328176,uuid:feabf784-3ec9-4a3f-9040-6286266d2937
12 août 2026 10:36:52,12 août 2026 08:51:05,12 août 2026 09:23:45,c79b933492134231,,,,posaf2026,1786,29.766666666666666,,,https://posaf.surveycto.com/view/submission-attachment/?uuid=uuid%3A8c4dc9ea-4b36-47b7-b0de-dcd1f42a4c9c&file=TA_8c4dc9ea-4b36-47b7-b0de-dcd1f42a4c9c.csv,12 août 2026,08:51:15,1,Kalombe,1,hk Haut Katanga,12,hk Kilwa,44,hk Lukonzolwa Centre de Santé de Référence,1-12-44,1-12-44-FA,-8.7799403,28.6390302,1017.9,1.2,mois_7,an2026,42,28,70,7,63,70,41,29,70,0,0,0,0,0,0,0,0,0,0,0,0,0,0,0,0,0,0,0,0,0,0,0,0,0,0,0,42,28,70,7,63,70,42,28,70,7,63,70,11,6,17,1,16,17,0,0,0,0,0,0,11,6,17,1,16,17,11,6,17,1,16,17,1,8,26,0,0,1,0,0,2,2,1,4,1,4,1,0,0,0,1,11,6,17,17,11,6,17,1,16,17,0,0,0,0,0,0,0,0,0,0,0,0,0,0,0,0,0,0,0,0,0,0,0,0,7,2,9,9,0,9,7,2,9,9,0,9,0,0,0,0,0,0,0,0,0,0,0,0,7,2,9,9,0,9,0,0,0,0,0,0,0,0,0,0,0,0,9,7,2,9,9,0,9,0,0,0,0,0,0,0,0,0,0,0,0,7,2,9,9,0,9,0,0,0,0,0,0,0,0,0,0,0,0,uuid:8c4dc9ea-4b36-47b7-b0de-dcd1f42a4c9c,1-12-44-FA,26328176,uuid:8c4dc9ea-4b36-47b7-b0de-dcd1f42a4c9c
12 août 2026 10:41:28,12 août 2026 10:12:34,12 août 2026 10:41:10,4954815754c5eed7,,,,posaf2026,1693,28.216666666666665,,,https://posaf.surveycto.com/view/submission-attachment/?uuid=uuid%3A0d1a1911-70e9-445d-a7b1-89a55ef43c58&file=TA_0d1a1911-70e9-445d-a7b1-89a55ef43c58.csv,12 juil. 2026,10:12:38,1,Mbanji,4,kr Kasai Central,78,kr Luiza,366,kr Luiza Hôpital Général de Référence,4-78-366,4-78-366-FA,-7.2061743,22.3953378,907.5,3.9,,,275,403,678,97,581,678,678,0,678,0,0,0,0,0,0,0,0,0,0,0,0,0,0,0,0,0,0,0,0,0,0,0,0,0,0,0,26,18,44,2,16,18,0,0,0,0,0,0,6,2,8,0,8,8,0,0,0,0,0,0,6,2,8,0,8,8,6,2,8,0,8,8,7,0,15,0,0,1,1,1,0,2,1,2,2,1,2,2,0,0,0,9,6,15,15,0,0,0,0,0,0,0,0,0,0,0,0,0,0,0,0,0,0,0,0,0,0,0,0,0,0,0,0,0,0,1,1,2,0,2,2,0,0,0,0,0,0,0,0,0,0,0,0,0,0,0,0,0,0,1,1,2,0,2,2,0,0,0,0,0,0,0,0,0,0,0,0,2,1,1,2,0,2,2,0,0,0,0,0,0,0,0,0,0,0,0,1,1,2,0,2,2,0,0,0,0,0,0,0,0,0,0,0,0,uuid:0d1a1911-70e9-445d-a7b1-89a55ef43c58,4-78-366-FA,26328176,uuid:0d1a1911-70e9-445d-a7b1-89a55ef43c58
12 août 2026 11:23:12,12 août 2026 10:10:33,12 août 2026 11:22:28,4954815754c5eed7,,,,posaf2026,2363,39.38333333333333,,,https://posaf.surveycto.com/view/submission-attachment/?uuid=uuid%3Ab7e8a804-d09b-46e0-845a-0e1739b69ab7&file=TA_b7e8a804-d09b-46e0-845a-0e1739b69ab7.csv,12 août 2026,10:10:10,1,Mbanji,4,kr Kasai Central,78,kr Luiza,366,kr Luiza Hôpital Général de Référence,4-78-366,4-78-366-FA,,,,,mois_7,an2026,275,403,678,97,581,678,678,0,678,0,0,0,0,0,0,0,0,0,26,18,44,2,42,44,44,0,44,0,0,0,0,0,0,0,0,0,26,18,44,2,42,44,0,0,0,0,0,0,6,2,8,0,8,8,0,0,0,0,0,0,6,2,8,0,8,8,6,2,8,0,8,8,7,0,15,0,0,1,1,1,0,2,1,2,2,1,2,2,0,0,0,9,6,15,15,0,0,0,0,0,0,0,0,0,0,0,0,0,0,0,0,0,0,0,0,0,0,0,0,0,0,0,0,0,0,1,1,2,0,2,2,0,0,0,0,0,0,0,0,0,0,0,0,0,0,0,0,0,0,1,1,2,0,2,2,0,0,0,0,0,0,0,0,0,0,0,0,2,1,1,2,0,2,2,0,0,0,0,0,0,0,0,0,0,0,0,1,1,2,0,2,2,0,0,0,0,0,0,0,0,0,0,0,0,uuid:b7e8a804-d09b-46e0-845a-0e1739b69ab7,4-78-366-FA,26328176,uuid:b7e8a804-d09b-46e0-845a-0e1739b69ab7
12 août 2026 12:37:47,12 août 2026 06:55:59,12 août 2026 12:02:39,33940f9d4d6a0e8f,,,,posaf2026,2063,34.38333333333333,,,https://posaf.surveycto.com/view/submission-attachment/?uuid=uuid%3A766c4722-c69a-4e09-a8cc-0238f3c93f45&file=TA_766c4722-c69a-4e09-a8cc-0238f3c93f45.csv,12 août 2026,06:56:51,1,Mukengeshayi mutubadi Adolphe,4,kr Kasai Central,88,kr Tshikula,406,kr Tshikula Hôpital Général de Référence,4-88-406,4-88-406-FA,,,,,mois_6,an2026,25,31,56,13,43,56,36,20,56,0,0,0,0,0,0,0,0,0,0,0,0,0,0,0,0,0,0,0,0,0,0,0,0,0,0,0,25,31,56,13,43,56,0,0,0,0,0,0,5,5,10,2,8,10,0,0,0,0,0,0,5,3,8,2,6,8,5,3,8,2,6,8,1,1,10,0,0,1,1,2,0,0,1,1,1,0,0,0,0,1,0,5,3,8,8,0,0,0,0,0,0,0,0,0,0,0,0,0,0,0,0,0,0,0,0,0,0,0,0,0,0,0,0,0,0,18,12,30,14,16,30,0,0,0,0,0,0,0,0,0,0,0,0,0,0,0,0,0,0,18,12,30,14,16,30,0,0,0,0,0,0,0,0,0,0,0,0,30,18,12,30,14,16,30,0,0,0,0,0,0,0,0,0,0,0,0,18,12,30,14,16,30,0,0,0,0,0,0,0,0,0,0,0,0,uuid:766c4722-c69a-4e09-a8cc-0238f3c93f45,4-88-406-FA,26328176,uuid:766c4722-c69a-4e09-a8cc-0238f3c93f45
12 août 2026 13:01:41,12 août 2026 12:03:04,12 août 2026 12:39:29,33940f9d4d6a0e8f,,,,posaf2026,1138,18.966666666666665,,,https://posaf.surveycto.com/view/submission-attachment/?uuid=uuid%3A72282e54-2076-44ee-86d4-28f4335dd2ca&file=TA_72282e54-2076-44ee-86d4-28f4335dd2ca.csv,12 août 2026,12:03:11,1,Mukengeshayi mutubadi Adolphe,4,kr Kasai Central,88,kr Tshikula,406,kr Tshikula Hôpital Général de Référence,4-88-406,4-88-406-FA,,,,,mois_7,an2026,36,30,66,17,49,66,34,32,66,0,0,0,0,0,0,0,0,0,0,0,0,0,0,0,0,0,0,0,0,0,0,0,0,0,0,0,36,30,66,17,49,66,0,0,0,0,0,0,8,2,10,0,10,10,0,0,0,0,0,0,4,1,5,0,5,5,4,1,5,0,5,5,3,2,10,0,0,0,0,2,0,0,0,0,1,2,0,0,0,0,0,4,1,5,5,0,0,0,0,0,0,0,0,0,0,0,0,0,0,0,0,0,0,0,0,0,0,0,0,0,0,0,0,0,0,11,9,20,11,9,20,11,9,20,11,9,20,0,0,0,0,0,0,0,0,0,0,0,0,11,9,20,11,9,20,0,0,0,0,0,0,0,0,0,0,0,0,20,11,9,20,11,9,20,0,0,0,0,0,0,0,0,0,0,0,0,11,9,20,11,9,20,0,0,0,0,0,0,0,0,0,0,0,0,uuid:72282e54-2076-44ee-86d4-28f4335dd2ca,4-88-406-FA,26328176,uuid:72282e54-2076-44ee-86d4-28f4335dd2ca
12 août 2026 13:01:41,12 août 2026 12:39:35,12 août 2026 13:01:31,33940f9d4d6a0e8f,,,,posaf2026,1258,20.966666666666665,,,https://posaf.surveycto.com/view/submission-attachment/?uuid=uuid%3Ab28f604c-f377-4386-b947-a56e0ae479aa&file=TA_b28f604c-f377-4386-b947-a56e0ae479aa.csv,12 juin 2026,12:39:52,1,Mukengeshayi mutubadi Adolphe,4,kr Kasai Central,88,kr Tshikula,406,kr Tshikula Hôpital Général de Référence,4-88-406,4-88-406-FA,,,,,mois_6,an2026,25,31,56,13,43,56,41,15,56,0,0,0,0,0,0,0,0,0,0,0,0,0,0,0,0,0,0,0,0,0,0,0,0,0,0,0,25,31,56,13,43,56,0,0,0,0,0,0,6,4,10,2,8,10,0,0,0,0,0,0,5,3,8,2,6,8,5,3,8,2,6,8,1,1,10,0,0,1,1,2,0,0,1,1,1,0,0,0,0,1,0,5,3,8,8,0,0,0,0,0,0,0,0,0,0,0,0,0,0,0,0,0,0,0,0,0,0,0,0,0,0,0,0,0,0,19,16,35,17,18,35,0,0,0,0,0,0,0,0,0,0,0,0,0,0,0,0,0,0,18,13,31,14,17,31,0,0,0,0,0,0,0,0,0,0,0,0,31,18,13,31,14,17,31,0,0,0,0,0,0,0,0,0,0,0,0,18,13,31,14,17,31,0,0,0,0,0,0,0,0,0,0,0,0,uuid:b28f604c-f377-4386-b947-a56e0ae479aa,4-88-406-FA,26328176,uuid:b28f604c-f377-4386-b947-a56e0ae479aa
12 août 2026 13:04:27,12 août 2026 12:27:54,12 août 2026 13:03:55,76d5bc547a2191a2,,,,posaf2026,1852,30.866666666666667,,,https://posaf.surveycto.com/view/submission-attachment/?uuid=uuid%3A73f750c2-43f0-4d19-bba7-990cd1222942&file=TA_73f750c2-43f0-4d19-bba7-990cd1222942.csv,12 août 2026,13:28:25,1,Christophe BAKATUNYINGELA,4,kr Kasai Central,79,kr Lukonga,371,kr St Thomas Centre de Santé,4-79-371,4-79-371-FA,-5.8699544,22.4249801,622.6,4.8,mois_7,an2026,627,685,1312,920,392,1312,1242,70,1312,0,0,0,0,0,0,0,0,0,102,129,231,72,159,231,194,37,231,0,0,0,0,0,0,0,0,0,23,46,69,12,57,69,0,0,0,0,0,0,2,5,7,0,7,7,0,0,0,0,0,0,2,4,6,0,6,6,0,1,1,0,1,1,1,0,2,0,0,0,0,0,1,0,0,0,1,0,0,0,0,0,0,0,2,2,2,2,4,6,0,6,6,0,0,0,0,0,0,0,0,0,0,0,0,0,0,0,0,0,0,0,0,0,0,0,0,14,24,38,3,35,38,0,0,0,0,0,0,1,2,3,0,3,3,0,0,0,0,0,0,1,1,2,1,1,2,1,2,3,0,3,3,0,0,0,0,0,0,5,1,1,2,1,1,2,0,0,0,0,0,0,0,0,0,0,0,0,1,1,2,1,1,2,0,0,0,0,0,0,0,0,0,0,0,0,uuid:73f750c2-43f0-4d19-bba7-990cd1222942,4-79-371-FA,26328176,uuid:73f750c2-43f0-4d19-bba7-990cd1222942
12 août 2026 13:04:51,12 août 2026 10:18:29,12 août 2026 10:55:19,ec076c6e54a8c684,,,,posaf2026,2205,36.75,,,https://posaf.surveycto.com/view/submission-attachment/?uuid=uuid%3Af38d0f1c-9d40-4097-a3ee-9756b1d7a13f&file=TA_f38d0f1c-9d40-4097-a3ee-9756b1d7a13f.csv,12 août 2026,10:18:00,4,KAMANGWE MUKENA,2,hl Haut Lomami,39,hl Kitenge,152,hl Kitenge Hôpital Général de Référence,2-39-152,2-39-152-FA,-6.8912009,25.9835679,0.0,600.0,,an2026,9,14,23,0,23,23,23,0,23,0,0,0,0,0,0,0,0,0,9,14,23,0,23,23,23,0,23,0,0,0,0,0,0,0,0,0,9,14,23,0,23,23,0,0,0,0,0,0,1,2,3,0,3,3,0,0,0,0,0,0,1,2,3,0,3,3,1,2,3,0,0,0,0,2,5,0,0,0,0,0,1,0,0,0,0,0,2,0,0,0,0,0,3,3,3,0,0,0,0,0,0,0,0,0,0,0,0,0,0,0,0,0,0,0,0,0,0,0,0,0,0,0,0,0,0,0,0,0,0,0,0,0,0,0,0,0,0,0,1,1,0,1,1,0,0,0,0,0,0,0,0,0,0,0,0,0,1,1,0,1,1,0,0,0,0,0,0,1,0,0,0,0,0,0,0,1,1,0,1,1,0,0,0,0,0,0,0,0,0,0,0,0,0,0,0,0,0,0,0,0,0,0,0,0,uuid:f38d0f1c-9d40-4097-a3ee-9756b1d7a13f,2-39-152-FA,26328176,uuid:f38d0f1c-9d40-4097-a3ee-9756b1d7a13f
12 août 2026 13:42:14,12 août 2026 07:58:27,12 août 2026 08:31:10,1c7dbcbed20a9d7b,,,+243110409603566,posaf2026,1637,27.283333333333335,,,https://posaf.surveycto.com/view/submission-attachment/?uuid=uuid%3Ac17b5b11-e348-4073-9183-209c73430b94&file=TA_c17b5b11-e348-4073-9183-209c73430b94.csv,12 août 2026,07:58:46,2,Gauthier Mulenda,6,lm Lomami,104,lm Kabinda,478,lm Kilo Centre de Santé,6-104-478,6-104-478-FA,-6.143835,24.4935983,823.5,4.7,mois_6,an2026,57,35,92,30,62,92,64,28,92,0,0,0,0,0,0,0,0,0,57,35,92,30,62,92,64,28,92,0,0,0,0,0,0,0,0,0,57,35,92,30,62,92,0,0,0,0,0,0,18,18,36,8,28,36,0,0,0,0,0,0,8,6,14,3,11,14,8,6,14,3,11,14,10,6,26,0,0,3,5,2,1,1,1,4,4,3,6,4,2,1,0,18,19,37,37,8,6,14,3,11,14,0,1,1,1,0,1,0,1,1,1,0,1,8,6,14,3,11,14,0,0,0,0,0,0,6,9,15,15,0,15,0,0,0,0,0,0,0,0,0,0,0,0,0,0,0,0,0,0,6,9,15,15,0,15,0,0,0,0,0,0,0,0,0,0,0,0,15,6,9,15,15,0,15,0,0,0,0,0,0,0,0,0,0,0,0,6,9,15,15,0,15,0,0,0,0,0,0,0,0,0,0,0,0,uuid:c17b5b11-e348-4073-9183-209c73430b94,6-104-478-FA,26328176,uuid:c17b5b11-e348-4073-9183-209c73430b94
12 août 2026 14:10:25,12 août 2026 12:57:38,12 août 2026 14:10:08,0adb705396f004c9,,,,posaf2026,4329,72.15,,,https://posaf.surveycto.com/view/submission-attachment/?uuid=uuid%3A629f2689-4171-4a25-8f10-665ed70fa771&file=TA_629f2689-4171-4a25-8f10-665ed70fa771.csv,12 juil. 2026,12:58:12,2,KAPITA biakuna Germain,4,kr Kasai Central,73,kr Kananga,348,kr St Alphonse Centre de Santé,4-73-348,4-73-348-FA,-5.9066246,22.4172865,622.7,4.9,mois_6,an2026,30,23,53,4,49,53,40,13,53,0,0,0,0,0,0,0,0,0,30,23,53,4,49,53,40,13,53,0,0,0,0,0,0,0,0,0,30,23,53,4,49,53,30,23,53,4,49,53,5,3,8,0,8,8,0,0,0,0,0,0,5,3,8,0,8,8,5,3,8,0,8,8,1,0,9,0,0,0,0,0,1,0,2,3,0,1,0,0,0,1,0,5,3,8,8,5,3,8,0,8,8,0,0,0,0,0,0,0,0,0,0,0,0,2,0,2,0,2,2,0,0,0,0,0,0,0,0,0,0,0,0,0,0,0,0,0,0,1,2,3,0,3,3,27,26,53,2,51,53,0,0,0,0,0,0,0,0,0,0,0,0,27,26,53,2,51,53,53,0,0,0,0,0,0,0,0,0,0,0,0,0,0,0,0,0,0,0,0,0,0,0,0,0,0,0,0,0,0,0,0,0,0,0,0,uuid:629f2689-4171-4a25-8f10-665ed70fa771,4-73-348-FA,26328176,uuid:629f2689-4171-4a25-8f10-665ed70fa771
12 août 2026 14:25:26,12 août 2026 13:43:49,12 août 2026 14:15:17,1c7dbcbed20a9d7b,,,+243110409603566,posaf2026,1746,29.1,,,https://posaf.surveycto.com/view/submission-attachment/?uuid=uuid%3A54a0c4a8-e245-4cb5-8539-38f38a5a89d0&file=TA_54a0c4a8-e245-4cb5-8539-38f38a5a89d0.csv,12 août 2026,13:43:11,2,Gauthier Mulenda,6,lm Lomami,104,lm Kabinda,478,lm Kilo Centre de Santé,6-104-478,6-104-478-FA,-6.1437859,24.4934297,850.1,4.9,mois_7,an2026,50,32,82,7,75,82,52,30,82,0,0,0,0,0,0,0,0,0,50,32,82,7,75,82,52,30,82,0,0,0,0,0,0,0,0,0,50,32,82,7,75,82,0,0,0,0,0,0,24,17,41,7,34,41,0,0,0,0,0,0,7,6,13,0,13,13,7,6,13,0,13,13,13,12,38,0,0,1,2,4,1,2,1,3,4,3,2,8,2,3,3,24,15,39,39,0,0,0,0,0,0,0,0,0,0,0,0,0,0,0,0,0,0,0,0,0,0,0,0,0,0,0,0,0,0,0,0,0,0,0,0,0,0,0,0,0,0,0,0,0,0,0,0,0,0,0,0,0,0,0,0,0,0,0,0,0,0,0,0,0,0,0,0,0,0,0,0,0,0,0,0,0,0,0,0,0,0,0,0,0,0,0,0,0,0,0,0,0,0,0,0,0,0,0,0,0,0,0,0,0,0,0,0,0,uuid:54a0c4a8-e245-4cb5-8539-38f38a5a89d0,6-104-478-FA,26328176,uuid:54a0c4a8-e245-4cb5-8539-38f38a5a89d0
12 août 2026 14:42:58,12 août 2026 14:11:38,12 août 2026 14:42:31,0adb705396f004c9,,,,posaf2026,1820,30.333333333333332,,,https://posaf.surveycto.com/view/submission-attachment/?uuid=uuid%3A3bd90791-2fae-4128-962e-60f3440f08e6&file=TA_3bd90791-2fae-4128-962e-60f3440f08e6.csv,12 juil. 2026,14:12:46,2,KAPITA biakuna Germain,4,kr Kasai Central,73,kr Kananga,348,kr St Alphonse Centre de Santé,4-73-348,4-73-348-FA,-5.9066048,22.4173595,618.6,3.9,mois_7,an2026,66,68,134,17,117,134,65,69,134,0,0,0,0,0,0,0,0,0,66,68,134,17,117,134,65,69,134,0,0,0,0,0,0,0,0,0,66,68,134,17,117,134,0,0,0,0,0,0,5,0,5,0,5,5,0,0,0,0,0,0,5,0,5,0,5,5,5,0,5,0,5,5,2,3,8,1,1,0,1,3,0,3,0,4,0,1,0,0,0,2,0,14,2,16,16,5,0,5,0,5,5,1,0,1,0,1,1,1,0,1,0,1,1,0,0,0,0,0,0,0,0,0,0,0,0,0,0,0,0,0,0,0,0,0,0,0,0,4,4,8,2,6,8,23,29,52,2,50,52,0,0,0,0,0,0,4,4,8,1,6,7,23,29,52,2,50,52,52,0,0,0,0,0,0,4,4,8,0,0,0,0,0,0,0,0,0,0,0,0,0,0,0,0,0,0,0,0,0,0,0,0,0,0,0,uuid:3bd90791-2fae-4128-962e-60f3440f08e6,4-73-348-FA,26328176,uuid:3bd90791-2fae-4128-962e-60f3440f08e6
12 août 2026 14:49:42,11 août 2026 11:30:12,12 août 2026 09:39:59,af43ec80834067db,,,,posaf2026,6379,106.31666666666666,,,https://posaf.surveycto.com/view/submission-attachment/?uuid=uuid%3Adee679ba-cdf5-4b77-baa6-543bf056231d&file=TA_dee679ba-cdf5-4b77-baa6-543bf056231d.csv,12 août 2026,08:12:32,1,André Njila,4,kr Kasai Central,71,kr Dibaya,336,kr Kaulu Centre de Santé,4-71-336,4-71-336-FA,-6.6106426,22.8756687,890.3,4.9,mois_6,an2026,3,3,6,1,5,6,5,1,6,0,0,0,0,0,0,0,0,0,6,9,15,1,14,15,13,2,15,0,0,0,0,0,0,0,0,0,6,9,15,1,14,15,0,0,0,0,0,0,2,4,6,1,5,6,0,0,0,8,0,8,2,4,6,1,5,6,0,0,0,0,1,1,5,0,5,8,0,0,1,1,0,1,0,0,1,0,1,0,0,1,0,11,3,14,14,1,0,1,0,1,1,0,0,0,0,0,0,0,0,0,0,0,0,0,0,0,0,0,0,0,0,0,0,0,0,0,0,0,0,0,0,0,0,0,0,0,0,0,0,0,0,0,0,0,0,0,0,0,0,0,0,0,0,0,0,0,0,0,0,0,0,0,0,0,0,0,0,0,0,0,0,0,0,0,0,0,0,0,0,0,0,0,0,0,0,0,0,0,0,0,0,0,0,0,0,0,0,0,0,0,0,0,0,0,uuid:dee679ba-cdf5-4b77-baa6-543bf056231d,4-71-336-FA,26328176,uuid:dee679ba-cdf5-4b77-baa6-543bf056231d
12 août 2026 14:49:43,12 août 2026 09:57:40,12 août 2026 14:18:58,af43ec80834067db,,,,posaf2026,5903,98.38333333333334,,,https://posaf.surveycto.com/view/submission-attachment/?uuid=uuid%3A262966af-3b12-48f7-82a6-62a2198f201e&file=TA_262966af-3b12-48f7-82a6-62a2198f201e.csv,12 août 2026,09:59:44,1,André Njila,4,kr Kasai Central,71,kr Dibaya,336,kr Kaulu Centre de Santé,4-71-336,4-71-336-FA,-6.610555,22.875545,867.9,5.0,mois_7,an2026,5,3,8,3,5,8,3,5,8,0,0,0,0,0,0,0,0,0,48,40,88,12,76,88,54,34,88,0,0,0,0,0,0,0,0,0,48,40,88,12,76,88,0,0,0,0,0,0,5,3,8,3,5,8,0,0,0,0,0,0,2,2,4,1,3,4,1,0,1,0,0,0,4,4,5,0,0,1,0,0,0,0,0,0,0,0,0,0,0,0,0,1,0,1,1,0,0,0,0,0,0,0,0,0,0,0,0,0,0,0,0,0,0,0,0,0,0,0,0,0,0,0,0,0,0,0,0,0,0,0,0,0,0,0,0,0,0,0,0,0,0,0,0,0,0,0,0,0,0,0,0,0,0,0,0,0,0,0,0,0,0,0,0,0,0,0,0,0,0,0,0,0,0,0,0,0,0,0,0,0,0,0,0,0,0,0,0,0,0,0,0,0,0,0,0,0,0,0,0,0,0,0,0,0,uuid:262966af-3b12-48f7-82a6-62a2198f201e,4-71-336-FA,26328176,uuid:262966af-3b12-48f7-82a6-62a2198f201e
12 août 2026 14:49:46,12 août 2026 14:19:12,12 août 2026 14:44:26,af43ec80834067db,,,,posaf2026,1514,25.233333333333334,,,https://posaf.surveycto.com/view/submission-attachment/?uuid=uuid%3A125ee804-d228-4f7c-9d8a-3bc9e7f934e0&file=TA_125ee804-d228-4f7c-9d8a-3bc9e7f934e0.csv,12 août 2026,14:19:24,1,André Njila,4,kr Kasai Central,71,kr Dibaya,336,kr Kaulu Centre de Santé,4-71-336,4-71-336-FA,-6.6105609,22.8757966,888.3,5.0,mois_5,an2026,12,24,36,2,34,36,29,7,36,0,0,0,0,0,0,0,0,0,0,0,0,0,0,0,0,0,0,0,0,0,0,0,0,0,0,0,0,0,0,0,0,0,0,0,0,0,0,0,1,4,5,1,4,5,0,0,0,0,0,0,0,0,0,0,0,0,0,0,0,0,0,0,0,0,0,0,0,0,0,0,0,0,0,0,0,0,0,0,0,0,0,0,0,0,0,0,0,0,0,0,0,0,0,0,0,0,0,0,0,0,0,0,0,0,0,0,0,0,0,0,0,0,0,0,0,6,8,14,4,10,14,6,8,14,4,10,14,0,0,0,0,0,0,0,0,0,0,0,0,0,0,0,0,0,0,0,0,0,0,0,0,0,0,0,0,0,0,0,0,0,0,0,0,0,0,0,0,0,0,0,0,0,0,0,0,0,0,0,0,0,0,0,0,0,0,0,0,0,0,0,0,0,0,0,uuid:125ee804-d228-4f7c-9d8a-3bc9e7f934e0,4-71-336-FA,26328176,uuid:125ee804-d228-4f7c-9d8a-3bc9e7f934e0
12 août 2026 15:17:59,12 août 2026 09:14:31,12 août 2026 15:11:35,6e616350aef21f1c,,,,posaf2026,5287,88.11666666666666,,,https://posaf.surveycto.com/view/submission-attachment/?uuid=uuid%3A20d6b421-2c3d-4b0f-8f2d-8e5b96610321&file=TA_20d6b421-2c3d-4b0f-8f2d-8e5b96610321.csv,12 août 2026,09:14:06,1,BANSHONO KABUNDA BERNADETTE,4,kr Kasai Central,75,kr Luambo,355,kr Luambo Hôpital Général de Référence,4-75-355,4-75-355-FA,,,,,mois_7,an2026,28,20,48,0,48,48,43,5,48,0,0,0,0,0,0,0,0,0,28,20,48,0,48,48,43,5,48,0,0,0,0,0,0,0,0,0,28,20,48,0,48,48,0,0,0,0,0,0,9,10,19,0,19,19,0,0,0,0,0,0,9,10,19,0,9,9,9,10,19,0,0,0,16,16,25,0,0,0,0,0,0,0,0,0,1,0,0,0,0,0,0,0,1,1,1,0,0,0,0,0,0,0,0,0,0,0,0,0,0,0,0,0,0,0,0,0,0,0,0,0,0,0,0,0,0,0,0,0,0,0,0,0,0,0,0,0,0,0,0,0,0,0,0,0,0,0,0,0,0,0,0,0,0,0,0,0,0,0,0,0,0,0,0,0,0,0,0,0,0,0,0,0,0,0,0,0,0,0,0,0,0,0,0,0,0,0,0,0,0,0,0,0,0,0,0,0,0,0,0,0,0,0,0,0,uuid:20d6b421-2c3d-4b0f-8f2d-8e5b96610321,4-75-355-FA,26328176,uuid:20d6b421-2c3d-4b0f-8f2d-8e5b96610321
12 août 2026 15:33:11,10 août 2026 19:31:55,12 août 2026 13:04:11,7dc28ffe5f8f742d,,,,posaf2026,2822,47.03333333333333,,,https://posaf.surveycto.com/view/submission-attachment/?uuid=uuid%3A3f211728-6ca1-4702-b999-43eeb462d800&file=TA_3f211728-6ca1-4702-b999-43eeb462d800.csv,10 août 2026,19:32:28,4,Mutshipayi,4,kr Kasai Central,68,kr Bobozo,324,kr Bobozo Hôpital Général de Référence,4-68-324,4-68-324-FA,-5.9209254,22.4501938,0.0,1200.0,mois_6,an2026,6,0,6,6,0,6,4,2,6,0,0,0,0,0,0,0,0,0,19,7,26,23,3,26,13,13,26,0,0,0,0,0,0,0,0,0,19,7,26,23,3,26,0,0,0,0,0,0,6,0,6,6,0,6,0,0,0,0,0,0,4,0,4,4,0,4,4,0,4,4,0,4,2,0,6,0,0,0,0,1,0,0,1,1,0,0,0,1,0,0,0,3,1,4,4,0,0,0,0,0,0,0,0,0,0,0,0,0,0,0,0,0,0,1,0,1,1,0,1,0,0,0,0,0,0,0,0,0,0,0,0,0,0,0,0,0,0,0,0,0,0,0,0,0,0,0,0,0,0,0,0,0,0,0,0,0,0,0,0,0,0,0,0,0,0,0,0,0,0,0,0,0,0,0,0,0,0,0,0,0,0,0,0,0,0,0,0,0,0,0,0,0,0,0,0,0,0,0,0,0,0,0,0,0,uuid:3f211728-6ca1-4702-b999-43eeb462d800,4-68-324-FA,26328176,uuid:3f211728-6ca1-4702-b999-43eeb462d800
12 août 2026 15:33:11,12 août 2026 15:11:46,12 août 2026 15:32:54,7dc28ffe5f8f742d,,,,posaf2026,1264,21.066666666666666,,,https://posaf.surveycto.com/view/submission-attachment/?uuid=uuid%3Aa78a43b2-cb1a-4d1c-a66b-a6f822be8776&file=TA_a78a43b2-cb1a-4d1c-a66b-a6f822be8776.csv,12 août 2026,15:12:10,4,Mutshipayi,4,kr Kasai Central,68,kr Bobozo,324,kr Bobozo Hôpital Général de Référence,4-68-324,4-68-324-FA,-5.9206173,22.4501938,0.0,1100.0,mois_7,an2026,2,0,2,0,2,2,1,1,2,0,0,0,0,0,0,0,0,0,8,7,15,1,14,15,9,6,15,0,0,0,0,0,0,0,0,0,8,7,15,1,14,15,0,0,0,0,0,0,2,0,2,0,2,2,0,0,0,0,0,0,1,0,1,0,0,0,1,0,1,0,0,0,1,0,2,0,0,0,0,0,0,0,0,0,0,0,0,1,0,0,0,1,0,1,1,0,0,0,0,0,0,0,0,0,0,0,0,0,0,0,0,0,0,1,0,1,0,0,0,0,0,0,0,0,0,0,0,0,0,0,0,0,0,0,0,0,0,0,0,0,0,0,0,0,0,0,0,0,0,0,0,0,0,0,0,0,0,0,0,0,0,0,0,0,0,0,0,0,0,0,0,0,0,0,0,0,0,0,0,0,0,0,0,0,0,0,0,0,0,0,0,0,0,0,0,0,0,0,0,0,0,0,0,0,uuid:a78a43b2-cb1a-4d1c-a66b-a6f822be8776,4-68-324-FA,26328176,uuid:a78a43b2-cb1a-4d1c-a66b-a6f822be8776
12 août 2026 16:01:15,12 août 2026 11:42:52,12 août 2026 13:50:27,c79b933492134231,,,,posaf2026,4218,70.3,,,https://posaf.surveycto.com/view/submission-attachment/?uuid=uuid%3A5317346d-ad83-444b-a2b6-432330686c3e&file=TA_5317346d-ad83-444b-a2b6-432330686c3e.csv,12 août 2026,11:42:34,1,Kalombe,1,hk Haut Katanga,12,hk Kilwa,44,hk Lukonzolwa Centre de Santé de Référence,1-12-44,1-12-44-FA,-8.7799587,28.6390033,1026.9,1.2,mois_7,an2025,44,39,83,4,79,83,83,0,83,0,0,0,0,0,0,0,0,0,0,0,0,0,0,0,0,0,0,0,0,0,0,0,0,0,0,0,44,39,83,4,79,83,44,39,83,4,79,83,12,7,19,0,19,19,0,0,0,0,0,0,12,7,19,0,19,19,12,7,19,0,19,19,2,5,26,0,0,0,0,1,0,0,3,5,2,6,1,0,0,0,1,12,7,19,19,12,7,19,0,19,19,0,0,0,0,0,0,0,0,0,0,0,0,0,0,0,0,0,0,0,0,0,0,0,0,5,3,8,8,0,8,0,0,0,0,0,0,0,0,0,0,0,0,0,0,0,0,0,0,5,3,8,8,0,8,0,0,0,0,0,0,0,0,0,0,0,0,8,0,0,0,0,0,0,0,0,0,0,0,0,0,0,0,0,0,0,0,0,0,0,0,0,0,0,0,0,0,0,0,0,0,0,0,0,uuid:5317346d-ad83-444b-a2b6-432330686c3e,1-12-44-FA,26328176,uuid:5317346d-ad83-444b-a2b6-432330686c3e
12 août 2026 16:01:16,12 août 2026 13:50:31,12 août 2026 14:08:47,c79b933492134231,,,,posaf2026,1050,17.5,,,https://posaf.surveycto.com/view/submission-attachment/?uuid=uuid%3Af7784031-105a-47dc-9323-b9cf38e3b82d&file=TA_f7784031-105a-47dc-9323-b9cf38e3b82d.csv,12 août 2026,13:50:39,1,Kalombe,1,hk Haut Katanga,12,hk Kilwa,44,hk Lukonzolwa Centre de Santé de Référence,1-12-44,1-12-44-FA,-8.7799311,28.6390437,1033.0,5.2,mois_8,an2025,31,22,53,5,48,53,53,0,53,0,0,0,0,0,0,0,0,0,0,0,0,0,0,0,0,0,0,0,0,0,0,0,0,0,0,0,31,22,53,5,48,53,31,22,53,5,48,53,6,5,11,1,10,11,0,0,0,0,0,0,6,5,11,1,10,11,0,1,1,1,0,1,0,1,2,0,0,0,1,0,0,0,0,0,0,0,0,0,0,0,0,0,1,1,1,6,5,11,1,10,11,1,0,1,0,1,1,1,0,1,0,1,1,0,0,0,0,0,0,0,0,0,0,0,0,0,0,0,0,0,0,0,0,0,0,0,0,0,0,0,0,0,0,0,0,0,0,0,0,0,0,0,0,0,0,0,0,0,0,0,0,0,0,0,0,0,0,0,0,0,0,0,0,0,0,0,0,0,0,0,0,0,0,0,0,0,0,0,0,0,0,0,0,0,0,0,0,0,0,0,0,0,0,0,uuid:f7784031-105a-47dc-9323-b9cf38e3b82d,1-12-44-FA,26328176,uuid:f7784031-105a-47dc-9323-b9cf38e3b82d
12 août 2026 16:01:16,12 août 2026 14:08:51,12 août 2026 14:39:18,c79b933492134231,,,,posaf2026,1341,22.35,,,https://posaf.surveycto.com/view/submission-attachment/?uuid=uuid%3A61e6d6fc-7f13-4f3d-a2fb-703b325606d9&file=TA_61e6d6fc-7f13-4f3d-a2fb-703b325606d9.csv,12 août 2026,14:08:56,1,Kalombe,1,hk Haut Katanga,12,hk Kilwa,44,hk Lukonzolwa Centre de Santé de Référence,1-12-44,1-12-44-FA,-8.7797916,28.6391678,1037.8,4.5,mois_9,an2025,40,34,74,2,72,74,74,0,74,0,0,0,0,0,0,0,0,0,0,0,0,0,0,0,0,0,0,0,0,0,0,0,0,0,0,0,40,34,74,2,42,44,40,34,74,2,32,34,5,6,11,0,11,11,0,0,0,0,0,0,5,6,11,0,11,11,5,6,11,0,11,11,4,5,20,0,0,0,0,0,0,1,3,3,0,1,1,0,1,0,1,5,6,11,11,5,6,11,0,11,11,0,0,0,0,0,0,0,0,0,0,0,0,0,0,0,0,0,0,0,0,0,0,0,0,5,4,9,9,0,9,0,0,0,0,0,0,0,0,0,0,0,0,0,0,0,0,0,0,0,0,0,0,0,0,0,0,0,0,0,0,0,0,0,0,0,0,0,0,0,0,0,0,0,0,0,0,0,0,0,0,0,0,0,0,0,0,0,0,0,0,0,0,0,0,0,0,0,0,0,0,0,0,0,uuid:61e6d6fc-7f13-4f3d-a2fb-703b325606d9,1-12-44-FA,26328176,uuid:61e6d6fc-7f13-4f3d-a2fb-703b325606d9
12 août 2026 16:01:16,12 août 2026 14:39:22,12 août 2026 14:51:11,c79b933492134231,,,,posaf2026,709,11.816666666666666,,,https://posaf.surveycto.com/view/submission-attachment/?uuid=uuid%3Aa5d5b4c5-d485-460c-a00f-87ec35f636ed&file=TA_a5d5b4c5-d485-460c-a00f-87ec35f636ed.csv,12 août 2026,14:39:27,1,Kalombe,1,hk Haut Katanga,12,hk Kilwa,44,hk Lukonzolwa Centre de Santé de Référence,1-12-44,1-12-44-FA,-8.7799129,28.6391135,1037.8,1.6,mois_10,an2025,28,34,62,2,60,62,62,0,62,0,0,0,0,0,0,0,0,0,0,0,0,0,0,0,0,0,0,0,0,0,0,0,0,0,0,0,28,34,62,2,60,62,0,1,1,0,1,1,9,11,20,0,20,20,0,0,0,0,0,0,9,11,20,0,20,20,9,11,20,0,20,20,2,4,26,0,0,0,0,3,2,0,2,3,2,3,3,0,1,0,1,9,11,20,20,0,0,0,0,0,0,0,0,0,0,0,0,0,0,0,0,0,0,0,0,0,0,0,0,0,0,0,0,0,0,7,5,12,12,0,12,0,0,0,0,0,0,0,0,0,0,0,0,0,0,0,0,0,0,7,5,12,12,0,12,0,0,0,0,0,0,0,0,0,0,0,0,12,7,5,12,12,0,12,0,0,0,0,0,0,0,0,0,0,0,0,7,5,12,12,0,12,0,0,0,0,0,0,0,0,0,0,0,0,uuid:a5d5b4c5-d485-460c-a00f-87ec35f636ed,1-12-44-FA,26328176,uuid:a5d5b4c5-d485-460c-a00f-87ec35f636ed
12 août 2026 16:01:17,12 août 2026 14:51:19,12 août 2026 15:12:05,c79b933492134231,,,,posaf2026,1058,17.633333333333333,,,https://posaf.surveycto.com/view/submission-attachment/?uuid=uuid%3Af862f879-f886-452d-9144-f698cd95a7e5&file=TA_f862f879-f886-452d-9144-f698cd95a7e5.csv,12 août 2026,14:51:23,1,Kalombe,1,hk Haut Katanga,12,hk Kilwa,44,hk Lukonzolwa Centre de Santé de Référence,1-12-44,1-12-44-FA,-8.7799224,28.6391592,1037.8,1.9,mois_11,an2025,21,14,35,0,35,35,35,0,35,0,0,0,0,0,0,0,0,0,0,0,0,0,0,0,0,0,0,0,0,0,0,0,0,0,0,0,21,14,35,0,35,35,17,12,29,0,29,29,9,8,17,0,17,17,0,0,0,0,0,0,9,8,17,0,17,17,9,8,17,0,17,17,1,1,19,0,0,0,0,1,0,1,2,3,6,2,2,1,0,1,0,9,10,19,19,6,3,9,0,9,9,0,0,0,0,0,0,0,0,0,0,0,0,0,0,0,0,0,0,0,0,0,0,0,0,3,3,6,6,0,6,0,0,0,0,0,0,0,0,0,0,0,0,3,3,6,6,0,6,3,3,6,6,0,6,0,0,0,0,0,0,0,0,0,0,0,0,6,3,3,6,6,0,6,0,0,0,0,0,0,0,0,0,0,0,0,0,0,0,0,0,0,0,0,0,0,0,0,0,0,0,0,0,0,uuid:f862f879-f886-452d-9144-f698cd95a7e5,1-12-44-FA,26328176,uuid:f862f879-f886-452d-9144-f698cd95a7e5
12 août 2026 16:02:07,12 août 2026 10:29:06,12 août 2026 16:02:00,e9498e2168c4b863,,,,posaf2026,5208,86.8,,,https://posaf.surveycto.com/view/submission-attachment/?uuid=uuid%3A80b9e08b-013a-4cfc-93dc-8dce6f3441e5&file=TA_80b9e08b-013a-4cfc-93dc-8dce6f3441e5.csv,12 août 2026,10:29:25,1,MUKALAY WA KIZABI JACSUES,2,hl Haut Lomami,43,hl Mulongo,171,hl Kafumbe Centre de Santé,2-43-171,2-43-171-FA,,,,,mois_7,an2026,54,44,98,5,93,98,9,89,98,0,0,0,0,0,0,0,0,0,32,31,63,8,55,63,33,30,63,0,0,0,0,0,0,0,0,0,32,31,63,8,55,63,14,16,30,0,30,30,3,4,7,0,7,7,0,0,0,0,0,0,3,0,3,0,3,3,3,0,3,0,3,3,2,2,7,0,0,0,0,0,1,2,0,1,0,0,1,0,0,0,0,3,2,5,5,0,0,0,0,0,0,0,0,0,0,0,0,0,0,0,0,0,0,0,0,0,0,0,0,0,0,0,0,0,0,10,8,18,6,12,18,0,0,0,0,0,0,0,0,0,0,0,0,0,0,0,0,0,0,10,8,18,6,12,18,0,0,0,0,0,0,0,0,0,0,0,0,6,5,1,6,6,0,6,0,0,0,0,0,0,0,0,0,0,0,0,5,1,6,6,0,6,0,0,0,0,0,0,0,0,0,0,0,0,uuid:80b9e08b-013a-4cfc-93dc-8dce6f3441e5,2-43-171-FA,26328176,uuid:80b9e08b-013a-4cfc-93dc-8dce6f3441e5
12 août 2026 16:49:08,12 août 2026 16:09:45,12 août 2026 16:47:50,10e5ee3657348490,,,,posaf2026,1481,24.683333333333334,,,https://posaf.surveycto.com/view/submission-attachment/?uuid=uuid%3A78249d68-a75d-4fc4-be0a-14f76ced66b2&file=TA_78249d68-a75d-4fc4-be0a-14f76ced66b2.csv,12 août 2026,16:10:13,1,MUTOMBO SEDWE,2,hl Haut Lomami,40,hl Lwamba,156,hl Kisanga Centre de Santé,2-40-156,2-40-156-FA,,,,,mois_7,an2026,22,26,48,7,41,48,20,28,48,0,0,0,0,0,0,0,0,0,22,26,48,7,41,48,20,28,48,0,0,0,0,0,0,0,0,0,22,28,50,7,41,48,0,0,0,0,0,0,6,7,13,4,9,13,0,0,0,0,0,0,2,3,5,0,5,5,2,3,5,0,5,5,2,5,12,0,0,2,2,0,0,1,0,1,2,1,1,0,1,1,1,6,7,13,13,2,3,5,0,5,5,0,0,0,0,0,0,0,0,0,0,0,0,0,0,0,0,0,0,0,0,0,0,0,0,4,5,9,6,3,9,0,0,0,0,0,0,0,0,0,0,0,0,0,0,0,0,0,0,4,5,9,6,3,9,0,0,0,0,0,0,0,0,0,0,0,0,7,4,3,7,6,1,7,0,0,0,0,0,0,0,0,0,0,0,0,4,3,7,6,1,7,0,0,0,0,0,0,0,0,0,0,0,0,uuid:78249d68-a75d-4fc4-be0a-14f76ced66b2,2-40-156-FA,26328176,uuid:78249d68-a75d-4fc4-be0a-14f76ced66b2
12 août 2026 16:50:44,3 août 2026 16:15:03,12 août 2026 16:32:28,cf0414bbfb7be7a8,,,,posaf2026,3287,54.78333333333333,,,https://posaf.surveycto.com/view/submission-attachment/?uuid=uuid%3Afe7c3836-0c6e-4f28-8c86-e5257f27c0b6&file=TA_fe7c3836-0c6e-4f28-8c86-e5257f27c0b6.csv,12 août 2026,16:15:51,1,Lwamba Fataki,9,tn Tanganyika,179,tn Nyunzu,833,tn Nyunzu Hôpital Général de Référence,9-179-833,9-179-833-FA,-5.9556691,28.0053382,785.8,1.4,mois_7,an2026,4,5,9,0,9,9,5,4,9,0,0,0,0,0,0,0,0,0,13,10,23,0,23,23,15,8,23,0,0,0,0,0,0,0,0,0,13,10,23,0,23,23,4,4,8,0,8,8,4,4,8,0,8,8,0,0,0,0,0,0,4,4,8,0,8,8,4,4,8,0,8,8,1,0,9,0,0,0,0,1,1,0,2,2,1,0,0,0,0,1,1,4,5,9,9,4,4,8,0,8,8,0,0,0,0,0,0,0,0,0,0,0,0,4,4,8,0,8,8,0,0,0,0,0,0,4,4,8,0,8,8,2,2,4,0,4,4,3,3,6,0,6,6,0,0,0,0,0,0,4,4,8,0,4,4,3,3,6,0,6,6,0,0,0,0,0,0,8,2,2,4,0,4,4,0,0,0,0,0,0,0,0,0,0,0,0,2,2,4,0,4,4,0,0,0,0,0,0,0,0,0,0,0,0,uuid:fe7c3836-0c6e-4f28-8c86-e5257f27c0b6,9-179-833-FA,26328176,uuid:fe7c3836-0c6e-4f28-8c86-e5257f27c0b6
12 août 2026 17:27:31,12 août 2026 16:49:58,12 août 2026 17:20:10,10e5ee3657348490,,,,posaf2026,1182,19.7,,,https://posaf.surveycto.com/view/submission-attachment/?uuid=uuid%3A0df60adf-7d60-41a8-abeb-13d6c3e2c110&file=TA_0df60adf-7d60-41a8-abeb-13d6c3e2c110.csv,12 août 2026,16:50:07,1,ILUNGA KABILO MUKEMA,2,hl Haut Lomami,40,hl Lwamba,157,hl Kisula Centre de Santé,2-40-157,2-40-157-FA,,,,,mois_7,an2026,27,30,57,9,48,57,27,30,57,0,0,0,0,0,0,0,0,0,27,30,57,9,48,57,27,30,57,0,0,0,0,0,0,0,0,0,27,30,57,9,48,57,0,0,0,0,0,0,7,8,15,4,11,15,0,0,0,0,0,0,3,3,6,0,6,6,3,3,6,0,6,6,2,6,8,0,0,1,3,1,1,1,0,1,2,0,1,1,1,2,1,7,9,16,16,3,3,6,0,6,6,0,0,0,0,0,0,0,0,0,0,0,0,0,0,0,0,0,0,0,0,0,0,0,0,5,7,12,8,4,12,0,0,0,0,0,0,0,0,0,0,0,0,0,0,0,0,0,0,5,7,12,8,4,12,0,0,0,0,0,0,0,0,0,0,0,0,12,5,7,12,8,4,12,0,0,0,0,0,0,0,0,0,0,0,0,5,7,12,8,4,12,0,0,0,0,0,0,0,0,0,0,0,0,uuid:0df60adf-7d60-41a8-abeb-13d6c3e2c110,2-40-157-FA,26328176,uuid:0df60adf-7d60-41a8-abeb-13d6c3e2c110
12 août 2026 17:29:38,12 août 2026 17:01:02,12 août 2026 17:29:31,52d37719c4060701,,,,posaf2026,1563,26.05,,,https://posaf.surveycto.com/view/submission-attachment/?uuid=uuid%3A32f270cf-3c21-477f-9d4f-20dd1d6a3877&file=TA_32f270cf-3c21-477f-9d4f-20dd1d6a3877.csv,12 août 2026,17:01:40,1,Lukusa luc,4,kr Kasai Central,70,kr Demba,333,kr Zapo Zapo Centre de Santé de Référence,4-70-333,4-70-333-FA,-5.6982846,22.3293641,637.5,2.8,mois_7,an2026,350,342,692,91,601,692,204,488,692,0,0,0,0,0,0,0,0,0,350,342,692,91,601,692,204,488,692,0,0,0,0,0,0,0,0,0,350,342,692,91,601,692,0,0,0,0,0,0,18,23,41,8,33,41,0,0,0,0,0,0,5,4,9,1,8,9,0,0,0,0,0,0,0,0,0,0,0,0,0,0,0,0,0,0,0,0,0,0,0,0,0,0,0,0,0,0,0,0,0,0,0,0,0,0,0,0,0,0,0,0,0,0,0,0,0,0,0,0,0,0,0,0,0,0,0,0,0,0,0,0,0,0,0,0,0,0,0,0,0,0,0,0,0,0,0,0,0,0,0,0,0,0,0,0,0,0,0,0,0,0,0,0,0,0,0,0,0,0,0,0,0,0,0,0,0,0,0,0,0,0,0,0,0,0,0,0,0,0,0,0,0,0,0,0,0,0,0,0,0,0,0,0,0,0,uuid:32f270cf-3c21-477f-9d4f-20dd1d6a3877,4-70-333-FA,26328176,uuid:32f270cf-3c21-477f-9d4f-20dd1d6a3877
12 août 2026 17:57:54,12 août 2026 17:29:10,12 août 2026 17:57:09,10e5ee3657348490,,,,posaf2026,1610,26.833333333333332,,,https://posaf.surveycto.com/view/submission-attachment/?uuid=uuid%3A5eec8a0a-37ba-44b2-802a-b19573f192e3&file=TA_5eec8a0a-37ba-44b2-802a-b19573f192e3.csv,12 août 2026,17:29:14,1,KYUNGU WA ILUNGA JOHN,2,hl Haut Lomami,40,hl Lwamba,158,hl Lwamba Hôpital Général de Référence,2-40-158,2-40-158-FA,,,,,mois_7,an2026,19,24,43,10,33,43,15,28,43,0,0,0,0,0,0,0,0,0,19,24,43,10,33,43,15,28,43,0,0,0,0,0,0,0,0,0,19,24,43,10,33,43,0,0,0,0,0,0,9,7,16,4,12,16,0,0,0,0,0,0,3,4,7,0,7,7,3,4,7,0,7,7,4,5,16,0,0,4,0,0,1,1,1,0,1,2,1,1,2,1,1,9,7,16,16,3,4,7,0,7,7,0,0,0,0,0,0,0,0,0,0,0,0,0,0,0,0,0,0,0,0,0,0,0,0,4,3,7,7,0,7,0,0,0,0,0,0,2,2,4,0,4,4,0,0,0,0,0,0,4,3,7,7,0,7,2,2,4,0,4,4,0,0,0,0,0,0,11,0,0,0,0,0,0,0,0,0,0,0,0,0,0,0,0,0,0,0,0,0,0,0,0,0,0,0,0,0,0,0,0,0,0,0,0,uuid:5eec8a0a-37ba-44b2-802a-b19573f192e3,2-40-158-FA,26328176,uuid:5eec8a0a-37ba-44b2-802a-b19573f192e3
12 août 2026 18:59:31,12 août 2026 16:54:06,12 août 2026 18:56:02,7a7b1f50e7839616,,,,posaf2026,1688,28.133333333333333,,,https://posaf.surveycto.com/view/submission-attachment/?uuid=uuid%3A9fabfd27-9957-442a-973d-826f89888d69&file=TA_9fabfd27-9957-442a-973d-826f89888d69.csv,12 août 2026,18:53:18,2,JEAN KATENDE,4,kr Kasai Central,76,kr Lubondaie,360,kr Lubondaie Hôpital Général de Référence,4-76-360,4-76-360-FA,-6.5731554,22.6539452,0.0,1600.0,mois_6,an2026,143,251,394,38,356,394,388,6,394,0,0,0,0,0,0,0,0,0,23,32,55,15,40,55,49,6,55,0,0,0,0,0,0,0,0,0,17,25,42,3,39,42,0,0,0,0,0,0,0,0,0,0,0,0,0,0,0,0,0,0,0,2,2,0,2,2,0,1,1,0,1,1,2,1,4,0,1,0,0,0,1,1,0,0,0,0,0,0,0,0,1,1,3,4,4,0,0,0,0,0,0,0,0,0,0,0,0,0,0,0,0,0,0,0,0,0,0,0,0,0,0,0,0,0,0,3,2,5,2,3,5,0,0,0,0,0,0,0,0,0,0,0,0,0,0,0,0,0,0,3,2,5,2,3,5,0,0,0,0,0,0,0,0,0,0,0,0,5,3,2,5,2,3,5,0,0,0,0,0,0,0,0,0,0,0,0,3,2,5,2,3,5,0,0,0,0,0,0,0,0,0,0,0,0,uuid:9fabfd27-9957-442a-973d-826f89888d69,4-76-360-FA,26328176,uuid:9fabfd27-9957-442a-973d-826f89888d69
12 août 2026 18:59:32,12 août 2026 17:22:17,12 août 2026 18:58:34,7a7b1f50e7839616,,,,posaf2026,1266,21.1,,,https://posaf.surveycto.com/view/submission-attachment/?uuid=uuid%3A5807ec20-53e5-4140-9201-6308ae1b4ed8&file=TA_5807ec20-53e5-4140-9201-6308ae1b4ed8.csv,12 août 2026,18:55:05,2,JEAN KATENDE,4,kr Kasai Central,76,kr Lubondaie,360,kr Lubondaie Hôpital Général de Référence,4-76-360,4-76-360-FA,-6.5756626,22.6535727,0.0,1500.0,mois_7,an2026,237,323,560,83,477,560,542,18,560,0,0,0,0,0,0,0,0,0,52,69,121,23,98,121,103,18,121,0,0,0,0,0,0,0,0,0,47,61,108,10,98,108,2,5,7,2,5,7,1,1,2,1,1,2,0,0,0,0,0,0,3,6,9,2,7,9,3,6,9,2,7,9,1,0,10,0,1,0,2,1,0,0,1,1,1,1,1,0,1,0,0,3,7,10,10,1,1,2,1,1,2,0,0,0,0,0,0,0,0,0,0,0,0,0,0,0,0,0,0,0,0,0,0,0,0,7,9,16,6,10,16,0,0,0,0,0,0,0,1,1,0,1,1,0,0,0,0,0,0,7,9,16,6,10,16,0,1,1,0,1,1,0,0,0,0,0,0,17,7,9,16,6,10,16,0,0,0,0,0,0,0,0,0,0,0,0,7,9,16,6,10,16,0,0,0,0,0,0,0,0,0,0,0,0,uuid:5807ec20-53e5-4140-9201-6308ae1b4ed8,4-76-360-FA,26328176,uuid:5807ec20-53e5-4140-9201-6308ae1b4ed8
12 août 2026 20:32:07,12 août 2026 19:26:17,12 août 2026 20:28:48,98301e0300ee6b21,,,,posaf2026,2544,42.4,,,https://posaf.surveycto.com/view/submission-attachment/?uuid=uuid%3Af716e2ce-8f98-4291-9359-0b0c6a4601e1&file=TA_f716e2ce-8f98-4291-9359-0b0c6a4601e1.csv,12 août 2026,19:26:22,1,Kabienakusua Kabienakusua Albert,4,kr Kasai Central,83,kr Mutoto,387,kr Mutoto Hôpital Général de Référence,4-83-387,4-83-387-FA,-5.6916393,22.701286,645.4,1.5,mois_7,an2026,73,56,129,17,112,129,94,35,129,0,0,0,0,0,0,0,0,0,73,56,129,17,112,129,94,35,129,0,0,0,0,0,0,0,0,0,73,56,129,17,112,129,0,0,0,0,0,0,6,12,18,4,14,18,0,0,0,0,0,0,6,12,18,4,14,18,6,12,18,4,14,18,1,1,20,0,0,1,3,3,2,1,4,2,2,0,1,0,1,0,0,7,13,20,20,0,0,0,0,0,0,0,0,0,0,0,0,0,0,0,0,0,0,6,12,18,4,14,18,0,0,0,0,0,0,0,0,0,0,0,0,0,0,0,0,0,0,0,0,0,0,0,0,23,23,46,23,23,46,0,0,0,0,0,0,0,0,0,0,0,0,23,23,46,23,23,46,46,0,0,0,0,0,0,0,0,0,0,0,0,23,23,46,23,23,46,0,0,0,0,0,0,0,0,0,0,0,0,23,23,46,23,23,46,uuid:f716e2ce-8f98-4291-9359-0b0c6a4601e1,4-83-387-FA,26328176,uuid:f716e2ce-8f98-4291-9359-0b0c6a4601e1
13 août 2026 05:32:43,13 août 2026 05:10:41,13 août 2026 05:32:32,e9498e2168c4b863,,,,posaf2026,1311,21.85,,,https://posaf.surveycto.com/view/submission-attachment/?uuid=uuid%3Aeda6407c-0f85-4932-b392-c5c266eadfcf&file=TA_eda6407c-0f85-4932-b392-c5c266eadfcf.csv,13 août 2026,05:10:47,4,KYUNGU WA ILUNGA,2,hl Haut Lomami,40,hl Lwamba,154,hl Kabumbulu Centre de Santé,2-40-154,2-40-154-FA,,,,,mois_7,an2026,16,22,38,8,30,38,18,20,38,0,0,0,0,0,0,0,0,0,16,22,38,8,30,38,18,20,38,0,0,0,0,0,0,0,0,0,16,22,38,8,30,38,0,0,0,0,0,0,5,7,12,2,10,12,0,0,0,0,0,0,1,2,3,0,3,3,1,2,3,0,3,3,2,3,3,0,0,0,2,1,1,0,1,1,1,2,1,1,0,0,1,5,7,12,12,1,2,3,0,3,3,0,0,0,0,0,0,0,0,0,0,0,0,0,0,0,0,0,0,0,0,0,0,0,0,0,2,2,2,0,2,0,0,0,0,0,0,0,0,0,0,0,0,0,0,0,0,0,0,0,2,2,2,0,2,0,0,0,0,0,0,0,0,0,0,0,0,2,0,2,2,2,0,2,0,0,0,0,0,0,0,0,0,0,0,0,0,0,0,0,0,0,0,0,0,0,0,0,0,0,0,0,0,0,uuid:eda6407c-0f85-4932-b392-c5c266eadfcf,2-40-154-FA,26328176,uuid:eda6407c-0f85-4932-b392-c5c266eadfcf
13 août 2026 08:39:43,13 août 2026 08:20:54,13 août 2026 08:39:14,76d5bc547a2191a2,,,,posaf2026,1100,18.333333333333332,,,https://posaf.surveycto.com/view/submission-attachment/?uuid=uuid%3A1c4ce400-671b-4631-add0-ec410fa5430e&file=TA_1c4ce400-671b-4631-add0-ec410fa5430e.csv,13 août 2026,08:21:15,2,Dieudonné WADIALA,4,kr Kasai Central,79,kr Lukonga,371,kr St Thomas Centre de Santé,4-79-371,4-79-371-FA,-5.8699119,22.4247439,598.5,4.7,mois_6,an2026,257,626,883,374,509,883,866,17,883,0,0,0,0,0,0,0,0,0,41,46,87,37,50,87,79,8,87,0,0,0,0,0,0,0,0,0,10,28,38,1,27,28,4,21,25,1,20,21,3,1,4,1,3,4,0,0,0,0,0,0,1,0,1,0,1,1,1,0,1,0,1,1,1,1,3,0,0,1,0,0,0,1,0,0,0,0,1,0,0,0,0,2,1,3,3,1,0,1,0,1,1,0,0,0,0,0,0,0,0,0,0,0,0,0,0,0,0,0,0,0,0,0,0,0,0,4,5,9,2,7,9,0,0,0,0,0,0,0,2,2,0,2,2,0,0,0,0,0,0,4,5,9,2,7,9,0,2,2,0,2,2,0,0,0,0,0,0,11,4,5,9,2,7,9,0,0,0,0,0,0,0,0,0,0,0,0,4,5,9,2,7,9,0,0,0,0,0,0,0,0,0,0,0,0,uuid:1c4ce400-671b-4631-add0-ec410fa5430e,4-79-371-FA,26328176,uuid:1c4ce400-671b-4631-add0-ec410fa5430e
13 août 2026 08:46:02,13 août 2026 07:07:27,13 août 2026 07:43:44,e71fb0d271263ecc,,,,POSAF2026,2170,36.166666666666664,,,https://posaf.surveycto.com/view/submission-attachment/?uuid=uuid%3A85756730-3868-43f6-b189-b8b4a0153b57&file=TA_85756730-3868-43f6-b189-b8b4a0153b57.csv,30 juin 2026,07:07:54,1,SINDA LUKULWA PIERRE,9,tn Tanganyika,178,tn Nyemba,826,tn Tabac Congo Centre de Santé,9-178-826,9-178-826-FA,-5.8648965,29.2264483,0.0,5100.0,mois_6,an2026,31,24,55,9,46,55,48,7,55,0,0,0,0,0,0,0,0,0,0,0,0,0,0,0,0,0,0,0,0,0,0,0,0,0,0,0,31,24,55,46,9,55,31,24,55,46,9,55,5,6,11,7,4,11,0,0,0,0,0,0,4,5,9,6,3,9,4,5,9,6,3,9,2,0,11,0,0,1,2,0,0,1,1,0,1,1,0,0,1,1,0,4,5,9,9,0,0,0,0,0,0,0,0,0,0,0,0,0,0,0,0,0,0,0,0,0,0,0,0,0,0,0,0,0,0,32,27,59,46,13,59,0,0,0,0,0,0,0,0,0,0,0,0,0,0,0,0,0,0,6,7,13,0,13,13,0,0,0,0,0,0,0,0,0,0,0,0,13,6,7,13,0,13,13,0,0,0,0,0,0,0,0,0,0,0,0,6,7,13,0,13,13,0,0,0,0,0,0,0,0,0,0,0,0,uuid:85756730-3868-43f6-b189-b8b4a0153b57,9-178-826-FA,26328176,uuid:85756730-3868-43f6-b189-b8b4a0153b57
13 août 2026 08:46:37,13 août 2026 07:59:24,13 août 2026 08:30:45,e71fb0d271263ecc,,,,POSAF2026,1881,31.35,,,https://posaf.surveycto.com/view/submission-attachment/?uuid=uuid%3A5fe9061d-6dc9-4bae-8b9b-b354819f8aaf&file=TA_5fe9061d-6dc9-4bae-8b9b-b354819f8aaf.csv,31 juil. 2026,07:59:38,1,SINDA LUKULWA PIERRE,9,tn Tanganyika,178,tn Nyemba,826,tn Tabac Congo Centre de Santé,9-178-826,9-178-826-FA,-5.8701965,29.2413403,0.0,1300.0,mois_7,an2026,23,17,40,10,30,40,33,7,40,0,0,0,0,0,0,0,0,0,0,0,0,0,0,0,0,0,0,0,0,0,0,0,0,0,0,0,23,17,40,10,30,40,0,0,0,0,0,0,4,3,7,1,6,7,0,0,0,0,0,0,4,3,7,1,6,7,4,3,7,1,6,7,3,1,11,0,0,1,0,0,0,3,1,0,0,0,2,0,0,0,0,4,3,7,7,0,0,0,0,0,0,0,0,0,0,0,0,0,0,0,0,0,0,0,0,0,0,0,0,0,0,0,0,0,0,25,24,49,13,46,59,0,0,0,0,0,0,0,0,0,0,0,0,7,9,16,3,13,16,7,11,18,13,5,18,0,0,0,0,0,0,0,0,0,0,0,0,0,0,0,0,0,0,0,0,0,0,0,0,0,0,0,0,0,0,0,0,0,0,0,0,0,0,0,0,0,0,0,0,0,0,0,0,0,uuid:5fe9061d-6dc9-4bae-8b9b-b354819f8aaf,9-178-826-FA,26328176,uuid:5fe9061d-6dc9-4bae-8b9b-b354819f8aaf
13 août 2026 08:51:08,2 août 2026 07:29:11,13 août 2026 08:50:50,77b3198c19183299,,,,posaf2026,5769,96.15,,,https://posaf.surveycto.com/view/submission-attachment/?uuid=uuid%3A7b6a9333-63e0-4862-bf35-703a1077740a&file=TA_7b6a9333-63e0-4862-bf35-703a1077740a.csv,2 août 2026,07:29:20,1,Fwaninwa kayumba,1,hk Haut Katanga,12,hk Kilwa,43,hk Kilwa Hôpital Général de Référence,1-12-43,1-12-43-FA,-9.2799386,28.3378059,1049.1,2.9,mois_6,an2026,18,14,32,6,26,32,21,11,32,9,5,14,0,14,14,14,0,14,46,46,92,14,78,92,35,57,92,5,9,14,0,14,14,14,0,14,46,46,92,14,78,92,46,46,92,14,78,92,7,8,15,2,13,15,4,3,7,0,7,7,7,8,15,2,13,15,7,8,15,2,13,15,7,10,32,0,1,4,1,0,4,1,1,3,1,4,4,2,4,2,0,16,16,32,32,7,8,15,2,13,15,0,1,1,0,1,1,0,1,1,0,1,1,7,6,13,0,13,13,0,0,0,0,0,0,32,41,73,17,56,73,0,0,0,0,0,0,0,3,3,0,3,3,0,3,3,0,3,3,4,11,15,15,0,15,0,3,3,0,3,3,0,0,0,0,0,0,15,4,11,15,15,0,15,0,3,3,0,3,3,0,0,0,0,0,0,4,11,15,15,0,15,0,0,0,0,0,0,0,0,0,0,0,0,uuid:7b6a9333-63e0-4862-bf35-703a1077740a,1-12-43-FA,26328176,uuid:7b6a9333-63e0-4862-bf35-703a1077740a
13 août 2026 09:00:08,13 août 2026 08:33:40,13 août 2026 08:59:48,85fe2e899f79801c,,,,posaf2026,1535,25.583333333333332,,,https://posaf.surveycto.com/view/submission-attachment/?uuid=uuid%3A341f8265-3190-4ea4-bd4b-b5fed7623c30&file=TA_341f8265-3190-4ea4-bd4b-b5fed7623c30.csv,13 août 2026,08:33:53,1,Ezéchiel mocket,9,tn Tanganyika,178,tn Nyemba,821,tn Kabimba Centre de Santé de Référence,9-178-821,9-178-821-FA,-5.5578548,29.3411965,778.5,15.6,mois_7,an2026,10,0,10,0,10,10,8,2,10,0,0,0,0,0,0,0,0,0,10,0,10,0,10,10,8,2,10,0,0,0,0,0,0,0,0,0,10,0,10,0,10,10,0,0,0,0,0,0,0,0,0,0,0,0,0,0,0,0,0,0,0,0,0,0,0,0,0,0,0,0,0,0,0,0,0,0,0,0,0,0,0,0,0,0,0,0,0,0,0,0,0,0,0,0,0,0,0,0,0,0,0,0,0,0,0,0,0,0,0,0,0,0,0,0,0,0,0,0,0,0,0,0,0,0,0,0,0,0,0,0,0,0,0,0,0,0,0,10,0,10,0,10,10,0,0,0,0,0,0,0,0,0,0,0,0,0,0,0,0,0,0,0,0,0,0,0,0,0,0,0,0,0,0,0,0,0,0,0,0,0,0,0,0,0,0,0,0,0,0,0,0,0,0,0,0,0,0,0,0,0,0,0,0,0,uuid:341f8265-3190-4ea4-bd4b-b5fed7623c30,9-178-821-FA,26328176,uuid:341f8265-3190-4ea4-bd4b-b5fed7623c30
13 août 2026 09:50:59,12 août 2026 20:01:15,12 août 2026 20:27:48,1ba4d115cb3a3410,,,,posaf2026,1582,26.366666666666667,,,https://posaf.surveycto.com/view/submission-attachment/?uuid=uuid%3A96a616d8-3bb6-48d1-b281-38c6427e1c41&file=TA_96a616d8-3bb6-48d1-b281-38c6427e1c41.csv,12 août 2026,20:01:28,1,Tshiame,4,kr Kasai Central,73,kr Kananga,344,kr Muamba Mbuyi Centre de Santé,4-73-344,4-73-344-FA,-5.8439276,22.6073376,694.9,4.8,mois_6,an2026,22,19,41,7,34,41,17,24,41,0,0,0,0,0,0,0,0,0,22,19,41,7,34,41,17,24,41,0,0,0,0,0,0,0,0,0,0,0,0,0,0,0,0,0,0,0,0,0,22,19,41,7,34,41,0,0,0,0,0,0,2,2,4,0,4,4,2,2,4,0,4,4,2,2,8,0,0,1,1,0,0,1,1,0,0,1,2,1,0,0,0,4,4,8,8,2,0,2,0,2,2,0,0,0,0,0,0,0,0,0,0,0,0,0,0,0,0,0,0,0,0,0,0,0,0,0,0,0,0,0,0,0,0,0,0,0,0,0,0,0,0,0,0,0,0,0,0,0,0,0,0,0,0,0,0,0,0,0,0,0,0,0,0,0,0,0,0,0,0,0,0,0,0,0,0,0,0,0,0,0,0,0,0,0,0,0,0,0,0,0,0,0,0,0,0,0,0,0,0,0,0,0,0,0,uuid:96a616d8-3bb6-48d1-b281-38c6427e1c41,4-73-344-FA,26328176,uuid:96a616d8-3bb6-48d1-b281-38c6427e1c41
13 août 2026 10:06:32,11 août 2026 10:34:32,11 août 2026 13:19:39,50ec27ea5a160f81,,,,posaf2026,9598,159.96666666666667,,,https://posaf.surveycto.com/view/submission-attachment/?uuid=uuid%3Aeafa34df-6ee0-488d-a38d-d254686524c7&file=TA_eafa34df-6ee0-488d-a38d-d254686524c7.csv,11 août 2026,09:33:48,1,BANDIBABUSIRE MIRINDI JOSEPHE,9,tn Tanganyika,178,tn Nyemba,825,tn Rugumba Centre de Santé,9-178-825,9-178-825-FA,-5.3330874,29.2105616,744.9,4.8,mois_6,an2026,5,1,6,1,5,6,1,5,6,2,2,4,2,2,4,2,2,4,5,1,6,1,5,6,1,5,6,0,0,0,0,0,0,0,0,0,1,1,2,1,1,2,1,1,2,1,1,2,5,1,6,1,5,6,0,0,0,0,0,0,2,2,4,0,4,4,2,2,4,0,4,4,2,0,6,4,0,2,0,0,0,1,0,0,0,1,0,1,0,0,0,9,0,9,9,0,0,0,0,0,0,0,0,0,0,0,0,0,0,0,0,0,0,0,0,0,0,0,0,0,0,0,0,0,0,0,0,0,0,0,0,0,0,0,0,0,0,0,0,0,0,0,0,0,0,0,0,0,0,0,0,0,0,0,0,0,0,0,0,0,0,0,0,0,0,0,0,0,0,0,0,0,0,0,0,0,0,0,0,0,0,0,0,0,0,0,0,0,0,0,0,0,0,0,0,0,0,0,0,0,0,0,0,0,uuid:eafa34df-6ee0-488d-a38d-d254686524c7,9-178-825-FA,26328176,uuid:eafa34df-6ee0-488d-a38d-d254686524c7
13 août 2026 10:10:56,12 août 2026 17:25:36,12 août 2026 17:50:50,b41e2905a4b922f3,,,,posaf2026,1430,23.833333333333332,,,https://posaf.surveycto.com/view/submission-attachment/?uuid=uuid%3A4afdfd0e-b503-4797-a061-f8ce93f5a6ea&file=TA_4afdfd0e-b503-4797-a061-f8ce93f5a6ea.csv,12 août 2026,17:25:48,4,Philippe Tshiendi,4,kr Kasai Central,82,kr Muetshi,385,kr Muetshi Hôpital Général de Référence,4-82-385,4-82-385-FA,,,,,mois_7,an2026,5,2,7,1,6,7,5,2,7,0,0,0,0,0,0,0,0,0,14,11,25,10,15,25,5,20,25,0,0,0,0,0,0,0,0,0,0,0,0,0,0,0,0,0,0,0,0,0,5,2,7,1,6,7,0,0,0,0,0,0,5,2,7,1,6,7,5,2,7,1,6,7,0,0,7,0,0,1,0,1,1,2,1,1,0,0,0,0,0,0,0,5,2,7,7,0,0,0,0,0,0,0,0,0,0,0,0,0,0,0,0,0,0,0,0,0,0,0,0,0,0,0,0,0,0,0,0,0,0,0,0,0,0,0,0,0,0,0,0,0,0,0,0,0,0,0,0,0,0,0,0,0,0,0,0,0,0,0,0,0,0,0,0,0,0,0,0,0,0,0,0,0,0,0,0,0,0,0,0,0,0,0,0,0,0,0,0,0,0,0,0,0,0,0,0,0,0,0,0,0,0,0,0,0,uuid:4afdfd0e-b503-4797-a061-f8ce93f5a6ea,4-82-385-FA,26328176,uuid:4afdfd0e-b503-4797-a061-f8ce93f5a6ea
13 août 2026 10:11:28,12 août 2026 15:57:40,12 août 2026 16:33:25,b41e2905a4b922f3,,,,posaf2026,1670,27.833333333333332,,,https://posaf.surveycto.com/view/submission-attachment/?uuid=uuid%3Af0d20666-51f5-414c-a44f-ee4ef27c1d47&file=TA_f0d20666-51f5-414c-a44f-ee4ef27c1d47.csv,12 août 2026,15:57:04,4,PHILIPPE,4,kr Kasai Central,82,kr Muetshi,383,kr Kasongo Mule Centre de Santé de référence,4-82-383,4-82-383-FA,,,,,mois_7,an2026,3,1,4,0,4,4,2,2,4,0,0,0,0,0,0,0,0,0,3,1,4,0,4,4,2,2,4,0,0,0,0,0,0,0,0,0,3,1,4,0,4,4,0,0,0,0,0,0,3,1,4,0,4,4,0,0,0,0,0,0,3,1,4,0,4,4,3,1,4,0,4,4,0,0,4,0,0,0,0,1,1,0,0,0,0,1,0,1,8,0,0,3,9,12,12,0,0,0,0,0,0,0,0,0,0,0,0,0,0,0,0,0,0,0,0,0,0,0,0,0,0,0,0,0,0,4,6,10,8,2,10,0,0,0,0,0,0,0,0,0,0,0,0,0,1,1,0,1,1,0,0,0,0,0,0,0,0,0,0,0,0,0,0,0,0,0,0,0,0,0,0,0,0,0,0,0,0,0,0,0,0,0,0,0,0,0,0,0,0,0,0,0,0,0,0,0,0,0,0,0,0,0,0,0,uuid:f0d20666-51f5-414c-a44f-ee4ef27c1d47,4-82-383-FA,26328176,uuid:f0d20666-51f5-414c-a44f-ee4ef27c1d47
13 août 2026 10:19:23,12 août 2026 10:08:11,13 août 2026 10:08:32,50ec27ea5a160f81,,,,posaf2026,1796,29.933333333333334,,,https://posaf.surveycto.com/view/submission-attachment/?uuid=uuid%3A17ff3a53-d401-4921-b90a-9431ba36f37e&file=TA_17ff3a53-d401-4921-b90a-9431ba36f37e.csv,12 août 2026,08:10:22,1,BANDIBABUSIRE MIRINDI,9,tn Tanganyika,178,tn Nyemba,825,tn Rugumba Centre de Santé,9-178-825,9-178-825-FA,-5.333937,29.2103604,758.2,4.9,mois_7,an2026,2,2,4,1,3,4,1,3,4,0,0,0,0,0,0,0,0,0,2,2,4,1,3,4,1,3,4,0,0,0,0,0,0,0,0,0,0,0,0,0,0,0,0,0,0,0,0,0,0,0,0,0,0,0,0,0,0,0,0,0,0,0,0,0,0,0,0,0,0,0,0,0,0,0,0,0,0,0,0,0,0,0,0,0,0,0,0,0,0,0,0,0,0,0,0,0,0,0,0,0,0,0,0,0,0,0,0,0,0,0,0,0,0,0,0,0,0,0,0,0,0,0,0,0,0,0,0,0,0,0,0,0,0,0,0,0,0,0,0,0,0,0,0,0,0,0,0,0,0,0,0,0,0,0,0,0,0,0,0,0,0,0,0,0,0,0,0,0,0,0,0,0,0,0,0,0,0,0,0,0,0,0,0,0,0,0,0,0,0,0,0,0,0,0,0,0,0,0,0,0,0,0,0,0,uuid:17ff3a53-d401-4921-b90a-9431ba36f37e,9-178-825-FA,26328176,uuid:17ff3a53-d401-4921-b90a-9431ba36f37e
13 août 2026 11:01:42,13 août 2026 08:51:20,13 août 2026 09:25:54,77b3198c19183299,,,,posaf2026,2074,34.56666666666667,,,https://posaf.surveycto.com/view/submission-attachment/?uuid=uuid%3Aeed5260e-fc24-4428-b13b-4d13b9a96bd6&file=TA_eed5260e-fc24-4428-b13b-4d13b9a96bd6.csv,12 août 2026,08:51:35,1,MARLIN,1,hk Haut Katanga,12,hk Kilwa,43,hk Kilwa Hôpital Général de Référence,1-12-43,1-12-43-FA,-9.2796944,28.3377486,899.4,3.3,mois_7,an2026,10,6,16,0,16,16,15,1,16,0,0,0,0,0,0,0,0,0,35,50,85,9,76,85,43,42,85,4,2,6,1,5,6,6,0,6,35,50,85,9,76,85,35,50,85,9,76,85,4,2,6,0,6,6,0,0,0,0,0,0,4,2,6,0,6,6,4,2,6,0,6,6,6,4,16,0,0,2,1,0,0,2,0,4,2,1,2,1,0,1,0,11,5,16,16,4,2,6,0,6,6,0,0,0,0,0,0,0,0,0,0,0,0,0,0,0,0,0,0,0,0,0,0,0,0,20,22,42,10,37,47,0,0,0,0,0,0,1,4,5,0,5,5,4,6,10,10,0,10,4,6,10,10,0,10,1,4,5,0,5,5,4,6,10,10,0,10,10,4,6,10,10,0,10,1,4,5,0,5,5,0,0,0,0,0,0,4,6,10,10,0,10,0,0,0,0,0,0,0,0,0,0,0,0,uuid:eed5260e-fc24-4428-b13b-4d13b9a96bd6,1-12-43-FA,26328176,uuid:eed5260e-fc24-4428-b13b-4d13b9a96bd6
13 août 2026 11:11:38,13 août 2026 10:32:12,13 août 2026 11:19:57,b71d2ecbff04d1e7,,,,posaf2026,1897,31.616666666666667,,,https://posaf.surveycto.com/view/submission-attachment/?uuid=uuid%3Abb4db96e-8f20-48f6-958f-f5a1f2626a8e&file=TA_bb4db96e-8f20-48f6-958f-f5a1f2626a8e.csv,13 août 2026,10:32:01,1,MAKOBO PROSPER,2,hl Haut Lomami,32,hl Kabongo,122,hl Kabongo Hôpital Général de Référence,2-32-122,2-32-122-FA,,,,,mois_7,an2026,16,16,32,2,30,32,32,0,32,92,64,156,16,140,156,156,0,156,0,0,0,0,0,0,0,0,0,0,0,0,0,0,0,0,0,0,92,64,156,16,140,156,48,30,78,2,76,78,16,16,32,2,30,32,0,0,0,0,0,0,8,5,13,0,13,13,8,5,13,0,13,13,10,9,32,0,0,2,0,3,33,3,2,4,5,2,5,5,0,1,1,20,46,66,66,8,5,13,0,13,13,0,0,0,0,0,0,0,0,0,0,0,0,0,0,0,0,0,0,0,0,0,0,0,0,0,0,0,0,0,0,0,0,0,0,0,0,0,0,0,0,0,0,0,0,0,0,0,0,0,0,0,0,0,0,0,0,0,0,0,0,0,0,0,0,0,0,0,0,0,0,0,0,0,0,0,0,0,0,0,0,0,0,0,0,0,0,0,0,0,0,0,0,0,0,0,0,0,0,0,0,0,0,0,uuid:bb4db96e-8f20-48f6-958f-f5a1f2626a8e,2-32-122-FA,26328176,uuid:bb4db96e-8f20-48f6-958f-f5a1f2626a8e
13 août 2026 11:22:59,28 juil. 2026 19:23:50,13 août 2026 11:22:47,77b3198c19183299,,,,posaf2026,5160,86,,,https://posaf.surveycto.com/view/submission-attachment/?uuid=uuid%3Addb6f007-7d57-45fd-8ad0-8cf7e04bb2c3&file=TA_ddb6f007-7d57-45fd-8ad0-8cf7e04bb2c3.csv,28 juil. 2026,19:24:17,1,Marlin,1,hk Haut Katanga,12,hk Kilwa,43,hk Kilwa Hôpital Général de Référence,1-12-43,1-12-43-FA,-9.2795873,28.3380592,937.8,1.3,mois_6,an2025,7,6,13,0,13,13,9,4,13,12,6,18,2,16,18,18,0,18,35,31,66,4,62,66,42,24,66,0,0,0,0,0,0,0,0,0,35,31,66,4,62,66,34,22,56,4,52,56,7,6,13,0,13,13,0,0,0,0,0,0,7,6,13,0,13,13,7,6,13,0,13,13,0,0,13,0,0,0,0,0,0,1,1,1,3,3,1,0,0,2,1,7,6,13,13,4,4,8,0,9,9,0,0,0,0,0,0,0,0,0,0,0,0,7,6,13,0,13,13,0,0,0,0,0,0,3,3,6,6,0,6,0,0,0,0,0,0,0,0,0,0,0,0,3,3,6,3,0,3,3,3,6,6,0,6,0,0,0,0,0,0,0,0,0,0,0,0,6,3,3,6,6,0,6,0,0,0,0,0,0,0,0,0,0,0,0,3,3,6,6,0,6,0,0,0,0,0,0,0,0,0,0,0,0,uuid:ddb6f007-7d57-45fd-8ad0-8cf7e04bb2c3,1-12-43-FA,26328176,uuid:ddb6f007-7d57-45fd-8ad0-8cf7e04bb2c3
13 août 2026 12:06:15,13 août 2026 11:27:38,13 août 2026 11:41:20,b41e2905a4b922f3,,,,posaf2026,821,13.683333333333334,,,https://posaf.surveycto.com/view/submission-attachment/?uuid=uuid%3A080c135e-e62e-43f6-8c73-ffffb94e8432&file=TA_080c135e-e62e-43f6-8c73-ffffb94e8432.csv,13 août 2026,11:27:53,4,Philippe Tshiendi,4,kr Kasai Central,82,kr Muetshi,384,kr Mashala Hôpital Secondaire,4-82-384,4-82-384-FA,,,,,mois_7,an2026,1,0,1,0,1,1,1,0,1,0,0,0,0,0,0,0,0,0,3,3,6,0,6,6,2,4,6,0,0,0,0,0,0,0,0,0,0,1,1,0,1,1,0,0,0,0,0,0,0,1,1,0,1,1,0,0,0,0,0,0,1,0,1,0,1,1,1,0,1,0,1,1,0,1,2,0,0,0,0,0,0,0,0,0,0,0,0,0,0,0,0,0,0,0,0,0,0,0,0,0,0,0,0,0,0,0,0,0,0,0,0,0,0,0,0,0,0,0,0,0,0,0,0,0,0,0,0,0,0,0,0,0,0,0,0,0,0,0,0,0,0,0,0,0,0,0,0,0,0,0,0,0,0,0,0,0,0,0,0,0,0,0,0,0,0,0,0,0,0,0,0,0,0,0,0,0,0,0,0,0,0,0,0,0,0,0,0,0,0,0,0,0,0,0,0,0,0,0,0,0,0,0,0,0,uuid:080c135e-e62e-43f6-8c73-ffffb94e8432,4-82-384-FA,26328176,uuid:080c135e-e62e-43f6-8c73-ffffb94e8432
13 août 2026 12:50:51,13 août 2026 10:37:43,13 août 2026 11:26:20,4954815754c5eed7,,,,posaf2026,2698,44.96666666666667,,,https://posaf.surveycto.com/view/submission-attachment/?uuid=uuid%3A2c62d117-d6ad-4944-a062-fb787948bb35&file=TA_2c62d117-d6ad-4944-a062-fb787948bb35.csv,13 août 2026,10:37:54,1,Lazard nkufu,4,kr Kasai Central,78,kr Luiza,367,kr Moma Centre de Santé de Référence,4-78-367,4-78-367-FA,,,,,mois_7,an2026,193,272,465,36,429,465,465,0,465,0,0,0,0,0,0,0,0,0,24,18,42,5,37,42,42,0,42,0,0,0,0,0,0,0,0,0,24,18,42,5,37,42,0,0,0,0,0,0,4,1,5,0,5,5,0,0,0,0,0,0,4,1,5,0,5,5,4,1,5,0,5,5,1,0,6,0,0,0,0,0,1,2,0,0,1,0,0,1,0,1,0,4,2,6,6,0,0,0,0,0,0,0,0,0,0,0,0,0,0,0,0,0,0,0,0,0,0,0,0,0,0,0,0,0,0,0,0,0,0,0,0,0,0,0,0,0,0,0,0,0,0,0,0,0,0,0,0,0,0,0,0,0,0,0,0,0,0,0,0,0,0,0,0,0,0,0,0,0,0,0,0,0,0,0,0,0,0,0,0,0,0,0,0,0,0,0,0,0,0,0,0,0,0,0,0,0,0,0,0,0,0,0,0,0,uuid:2c62d117-d6ad-4944-a062-fb787948bb35,4-78-367-FA,26328176,uuid:2c62d117-d6ad-4944-a062-fb787948bb35
13 août 2026 12:50:56,13 août 2026 09:00:28,13 août 2026 12:48:42,19d13d8c0e5c6e9f,,,,posaf2026,1939,32.31666666666667,,,https://posaf.surveycto.com/view/submission-attachment/?uuid=uuid%3A420daa1f-c4be-457c-928b-ba1d7f2243f4&file=TA_420daa1f-c4be-457c-928b-ba1d7f2243f4.csv,13 août 2026,12:17:17,2,Augustin KAMBELENGE KABAKOLA,4,kr Kasai Central,66,kr Bena Tshadi,319,kr Kabwenge Centre de Santé de Référence,4-66-319,4-66-319-FA,,,,,mois_7,an2026,1,3,4,0,4,4,4,0,4,0,0,0,0,0,0,0,0,0,0,0,0,0,0,0,0,0,0,0,0,0,0,0,0,0,0,0,12,14,26,2,26,28,0,0,0,0,0,0,0,0,0,0,0,0,0,0,0,0,0,0,0,3,3,0,3,3,0,3,3,0,3,3,1,0,4,0,0,0,0,0,0,0,0,0,1,0,0,0,0,0,2,0,3,3,3,0,0,0,0,0,0,0,0,0,0,0,0,0,0,0,0,0,0,0,0,0,0,0,0,0,0,0,0,0,0,0,0,0,0,0,0,0,0,0,0,0,0,0,0,0,0,0,0,3,3,6,2,4,6,0,0,0,0,0,0,0,0,0,0,0,0,0,0,0,0,0,0,0,0,0,0,0,0,0,0,0,0,0,0,0,0,0,0,0,0,0,0,0,0,0,0,0,0,0,0,0,0,0,0,0,0,0,0,0,uuid:420daa1f-c4be-457c-928b-ba1d7f2243f4,4-66-319-FA,26328176,uuid:420daa1f-c4be-457c-928b-ba1d7f2243f4
13 août 2026 13:15:44,13 août 2026 11:23:08,13 août 2026 13:15:34,77b3198c19183299,,,,posaf2026,4348,72.46666666666667,,,https://posaf.surveycto.com/view/submission-attachment/?uuid=uuid%3A67791a25-3f08-4534-9d9b-bf87603dab51&file=TA_67791a25-3f08-4534-9d9b-bf87603dab51.csv,13 août 2026,11:23:43,1,Fwaninwa marlin,1,hk Haut Katanga,12,hk Kilwa,43,hk Kilwa Hôpital Général de Référence,1-12-43,1-12-43-FA,-9.2797238,28.3384286,915.3,2.9,mois_7,an2025,26,35,61,2,59,61,42,19,61,5,11,16,5,11,16,16,0,16,31,46,77,7,70,77,58,19,77,1,2,3,0,3,3,3,0,3,31,46,77,7,70,77,26,35,61,2,59,61,12,13,25,4,21,25,4,3,7,4,7,11,5,4,9,0,9,9,5,4,9,0,9,9,5,9,23,0,0,0,0,1,0,1,1,1,3,0,0,0,0,1,0,4,4,8,8,5,4,9,0,9,9,1,0,1,0,1,1,1,0,1,0,1,1,4,4,8,0,8,8,1,0,1,0,1,1,24,18,42,12,30,42,0,0,0,0,0,0,0,0,0,0,0,0,8,4,12,12,0,12,5,3,8,8,0,8,0,0,0,0,0,0,5,3,8,8,0,8,8,5,3,8,8,0,8,0,0,0,0,0,0,5,3,8,8,0,8,5,3,8,8,0,8,0,0,0,0,0,0,5,3,8,8,0,8,uuid:67791a25-3f08-4534-9d9b-bf87603dab51,1-12-43-FA,26328176,uuid:67791a25-3f08-4534-9d9b-bf87603dab51
13 août 2026 13:16:23,12 août 2026 17:22:07,13 août 2026 13:15:11,9cd92ad83b04e8b1,,,,posaf2026,861,14.35,,,https://posaf.surveycto.com/view/submission-attachment/?uuid=uuid%3Aa415b3db-d979-477e-89ba-a467fb06ebcc&file=TA_a415b3db-d979-477e-89ba-a467fb06ebcc.csv,13 août 2026,13:01:19,1,KASONGO,2,hl Haut Lomami,33,hl Kamina,131,hl Nsungu Centre de Santé,2-33-131,2-33-131-FA,,,,,mois_7,an2026,22,35,57,10,47,57,30,27,57,13,17,30,7,23,30,15,15,30,13,17,30,7,23,30,15,15,30,0,0,0,0,0,0,0,0,0,13,17,30,7,13,20,0,0,0,0,0,0,2,3,5,1,4,5,0,0,0,0,0,0,2,3,5,1,4,5,2,3,5,1,4,5,0,0,5,0,0,0,1,0,0,1,2,1,0,0,0,0,0,0,0,2,3,5,5,0,0,0,0,0,0,0,0,0,0,0,0,0,0,0,0,0,0,2,3,5,1,4,5,0,0,0,0,0,0,12,19,31,10,21,31,12,19,31,10,21,31,0,0,0,0,0,0,0,0,0,0,0,0,12,19,31,10,21,31,0,0,0,0,0,0,0,0,0,0,0,0,31,12,19,31,10,21,31,0,0,0,0,0,0,0,0,0,0,0,0,12,19,31,10,21,31,0,0,0,0,0,0,0,0,0,0,0,0,uuid:a415b3db-d979-477e-89ba-a467fb06ebcc,2-33-131-FA,26328176,uuid:a415b3db-d979-477e-89ba-a467fb06ebcc
13 août 2026 13:16:29,9 août 2026 12:36:46,9 août 2026 12:56:49,9cd92ad83b04e8b1,,,,posaf2026,1203,20.05,,,https://posaf.surveycto.com/view/submission-attachment/?uuid=uuid%3A9b3e875a-480e-4526-8cba-e0f627c2a935&file=TA_9b3e875a-480e-4526-8cba-e0f627c2a935.csv,9 août 2026,12:36:51,1,KADONGO WA YUMBA,2,hl Haut Lomami,41,hl Malemba Nkulu,159,hl Kamete Mete Centre de Santé,2-41-159,2-41-159-FA,,,,,mois_7,an2026,77,59,136,1,135,136,77,59,136,0,0,0,0,0,0,0,0,0,77,59,136,1,135,136,77,59,136,0,0,0,0,0,0,0,0,0,77,59,136,1,135,136,0,0,0,0,0,0,12,12,24,1,23,24,0,0,0,0,0,0,12,12,24,1,23,24,12,12,24,1,23,24,0,0,24,0,0,1,0,2,2,1,2,2,1,2,2,1,4,0,0,9,11,20,20,8,9,17,0,17,17,0,0,0,0,0,0,0,0,0,0,0,0,12,12,24,1,13,14,0,0,0,0,0,0,0,0,0,0,0,0,0,0,0,0,0,0,0,0,0,0,0,0,0,0,0,0,0,0,0,0,0,0,0,0,0,0,0,0,0,0,0,0,0,0,0,0,0,0,0,0,0,0,0,0,0,0,0,0,0,0,0,0,0,0,0,0,0,0,0,0,0,0,0,0,0,0,0,0,0,0,0,0,0,uuid:9b3e875a-480e-4526-8cba-e0f627c2a935,2-41-159-FA,26328176,uuid:9b3e875a-480e-4526-8cba-e0f627c2a935
13 août 2026 13:16:41,9 août 2026 12:57:04,9 août 2026 13:16:25,9cd92ad83b04e8b1,,,,posaf2026,1161,19.35,,,https://posaf.surveycto.com/view/submission-attachment/?uuid=uuid%3A18e3af65-3d51-4e50-bd12-3cf044251995&file=TA_18e3af65-3d51-4e50-bd12-3cf044251995.csv,9 août 2026,12:57:08,1,KAYUMBA WA KASONGO  JOHN,2,hl Haut Lomami,41,hl Malemba Nkulu,160,hl Lubondoy Centre de Santé,2-41-160,2-41-160-FA,,,,,mois_7,an2026,17,45,62,4,58,62,30,32,62,17,45,62,4,58,62,30,32,62,17,45,62,4,58,62,30,32,62,0,0,0,0,0,0,0,0,0,17,45,62,4,58,62,17,45,62,4,58,62,2,8,10,4,6,10,0,0,0,0,0,0,2,8,10,4,6,10,2,8,10,4,6,10,0,0,10,0,0,3,1,2,0,1,1,1,1,0,0,0,0,0,0,7,3,10,10,0,0,0,0,0,0,0,0,0,0,0,0,0,0,0,0,0,0,2,8,10,4,6,10,0,0,0,0,0,0,0,0,0,0,0,0,0,0,0,0,0,0,0,0,0,0,0,0,0,0,0,0,0,0,0,0,0,0,0,0,0,0,0,0,0,0,0,0,0,0,0,0,0,0,0,0,0,0,0,0,0,0,0,0,0,0,0,0,0,0,0,0,0,0,0,0,0,0,0,0,0,0,0,0,0,0,0,0,0,uuid:18e3af65-3d51-4e50-bd12-3cf044251995,2-41-160-FA,26328176,uuid:18e3af65-3d51-4e50-bd12-3cf044251995
13 août 2026 13:16:44,12 août 2026 10:11:54,12 août 2026 10:28:21,9cd92ad83b04e8b1,,,,posaf2026,965,16.083333333333332,,,https://posaf.surveycto.com/view/submission-attachment/?uuid=uuid%3A6a79d9b7-e2dd-41c9-8e73-621573d79e54&file=TA_6a79d9b7-e2dd-41c9-8e73-621573d79e54.csv,12 août 2026,10:11:59,1,UMBA,2,hl Haut Lomami,41,hl Malemba Nkulu,161,hl Malemba Kulu Hôpital Général de Référence,2-41-161,2-41-161-FA,,,,,mois_7,an2026,97,83,180,46,134,180,60,120,180,0,0,0,0,0,0,0,0,0,97,83,180,46,134,180,60,120,180,0,0,0,0,0,0,0,0,0,97,83,180,46,134,180,0,0,0,0,0,0,17,11,28,3,25,28,0,0,0,0,0,0,17,11,28,3,25,28,17,11,28,3,25,28,0,0,0,0,0,2,5,2,10,4,2,0,0,1,0,1,1,0,0,10,18,28,28,0,0,0,0,0,0,0,0,0,0,0,0,0,0,0,0,0,0,0,0,0,0,0,0,0,0,0,0,0,0,29,32,61,25,36,61,0,0,0,0,0,0,0,0,0,0,0,0,0,0,0,0,0,0,29,32,61,25,36,61,0,0,0,0,0,0,0,0,0,0,0,0,61,29,32,61,25,36,61,0,0,0,0,0,0,0,0,0,0,0,0,29,32,61,25,36,61,0,0,0,0,0,0,0,0,0,0,0,0,uuid:6a79d9b7-e2dd-41c9-8e73-621573d79e54,2-41-161-FA,26328176,uuid:6a79d9b7-e2dd-41c9-8e73-621573d79e54
13 août 2026 13:16:51,9 août 2026 11:44:24,9 août 2026 12:21:14,9cd92ad83b04e8b1,,,,posaf2026,2210,36.833333333333336,,,https://posaf.surveycto.com/view/submission-attachment/?uuid=uuid%3Aef3d38fb-79bc-445f-936c-9734b4396084&file=TA_ef3d38fb-79bc-445f-936c-9734b4396084.csv,9 août 2026,11:44:44,1,BANZE,2,hl Haut Lomami,41,hl Malemba Nkulu,162,hl Songwe Centre de Santé,2-41-162,2-41-162-FA,-8.7336009,25.0230589,0.0,700.0,mois_7,an2026,19,44,63,12,51,63,10,53,63,0,0,0,0,0,0,0,0,0,19,44,63,19,44,63,19,44,63,0,0,0,0,0,0,0,0,0,19,44,63,15,48,63,19,44,63,15,48,63,7,8,15,0,15,15,0,0,0,0,0,0,5,4,9,2,7,9,5,4,9,2,7,9,0,0,0,2,7,1,1,0,0,5,1,0,1,0,0,0,0,0,0,8,10,18,18,0,0,0,0,0,0,0,0,0,0,0,0,0,0,0,0,0,0,0,0,0,0,0,0,0,0,0,0,0,0,0,0,0,0,0,0,0,0,0,0,0,0,2,6,8,0,8,8,0,0,0,0,0,0,0,0,0,0,0,0,2,6,8,0,8,8,0,0,0,0,0,0,8,0,0,0,0,0,0,2,6,8,0,8,8,0,0,0,0,0,0,0,0,0,0,0,0,2,6,8,0,8,8,0,0,0,0,0,0,uuid:ef3d38fb-79bc-445f-936c-9734b4396084,2-41-162-FA,26328176,uuid:ef3d38fb-79bc-445f-936c-9734b4396084
13 août 2026 13:16:55,9 août 2026 12:21:28,9 août 2026 12:36:35,9cd92ad83b04e8b1,,,,posaf2026,907,15.116666666666667,,,https://posaf.surveycto.com/view/submission-attachment/?uuid=uuid%3Aa93e3ac3-599a-4666-a876-86f11691fc57&file=TA_a93e3ac3-599a-4666-a876-86f11691fc57.csv,9 août 2026,12:21:32,1,NHOY MISHINDO,2,hl Haut Lomami,41,hl Malemba Nkulu,163,hl Sope Centre de Santé,2-41-163,2-41-163-FA,,,,,mois_7,an2026,32,48,80,1,79,80,20,60,80,0,0,0,0,0,0,0,0,0,32,48,80,1,79,80,20,60,80,0,0,0,0,0,0,0,0,0,32,48,80,1,79,80,0,0,0,0,0,0,10,4,14,1,13,14,0,0,0,0,0,0,3,3,6,0,6,6,3,3,6,0,6,6,0,0,0,10,4,1,0,0,0,0,0,10,1,1,0,0,0,0,0,22,5,27,27,0,0,0,0,0,0,0,0,0,0,0,0,0,0,0,0,0,0,0,0,0,0,0,0,0,0,0,0,0,0,0,0,0,0,0,0,0,0,0,0,0,0,0,0,0,0,0,0,0,0,0,0,0,0,0,0,0,0,0,0,0,0,0,0,0,0,0,0,0,0,0,0,0,0,0,0,0,0,0,0,0,0,0,0,0,0,0,0,0,0,0,0,0,0,0,0,0,0,0,0,0,0,0,0,0,0,0,0,0,uuid:a93e3ac3-599a-4666-a876-86f11691fc57,2-41-163-FA,26328176,uuid:a93e3ac3-599a-4666-a876-86f11691fc57
13 août 2026 13:16:57,12 août 2026 10:47:42,12 août 2026 10:59:17,9cd92ad83b04e8b1,,,,posaf2026,694,11.566666666666666,,,https://posaf.surveycto.com/view/submission-attachment/?uuid=uuid%3Ab8dc3d6d-4b77-41c9-9a7e-2b38d3ec45bd&file=TA_b8dc3d6d-4b77-41c9-9a7e-2b38d3ec45bd.csv,12 août 2026,10:47:50,4,Dauphin,2,hl Haut Lomami,43,hl Mulongo,172,hl Kanunka Centre de Santé,2-43-172,2-43-172-FA,-8.7342801,24.9952534,0.0,1200.0,mois_7,an2026,45,28,73,11,62,73,50,23,73,0,0,0,0,0,0,0,0,0,45,28,73,11,62,73,50,23,73,0,0,0,0,0,0,0,0,0,45,28,73,11,62,73,0,0,0,0,0,0,4,6,10,4,6,10,0,0,0,0,0,0,4,6,10,4,6,10,4,6,10,4,6,10,0,0,10,0,0,0,1,3,1,2,0,1,1,1,0,0,0,0,0,7,3,10,10,0,0,0,0,0,0,0,0,0,0,0,0,0,0,0,0,0,0,4,6,10,4,6,10,0,0,0,0,0,0,0,0,0,0,0,0,0,0,0,0,0,0,0,0,0,0,0,0,0,0,0,0,0,0,0,0,0,0,0,0,0,0,0,0,0,0,0,0,0,0,0,0,0,0,0,0,0,0,0,0,0,0,0,0,0,0,0,0,0,0,0,0,0,0,0,0,0,0,0,0,0,0,0,0,0,0,0,0,0,uuid:b8dc3d6d-4b77-41c9-9a7e-2b38d3ec45bd,2-43-172-FA,26328176,uuid:b8dc3d6d-4b77-41c9-9a7e-2b38d3ec45bd
13 août 2026 13:17:01,11 août 2026 16:54:47,11 août 2026 17:19:32,9cd92ad83b04e8b1,,,,posaf2026,1417,23.616666666666667,,,https://posaf.surveycto.com/view/submission-attachment/?uuid=uuid%3A940af5cc-3cc9-4384-97b5-913474a95d9a&file=TA_940af5cc-3cc9-4384-97b5-913474a95d9a.csv,11 août 2026,16:54:51,1,UMBI WA ILUNGA LUDJO,2,hl Haut Lomami,43,hl Mulongo,173,hl Mulongo Hôpital Général de Référence,2-43-173,2-43-173-FA,-8.7342023,24.9963657,1122.5,900.0,mois_7,an2026,22,35,57,2,55,57,20,37,57,0,0,0,0,0,0,0,0,0,22,35,57,2,55,57,20,37,57,0,0,0,0,0,0,0,0,0,22,35,57,2,55,57,14,17,31,0,31,31,10,7,17,4,13,17,0,0,0,0,0,0,1,2,3,0,3,3,1,2,3,0,3,3,0,0,0,0,0,0,0,0,0,2,1,0,0,0,0,0,0,0,0,2,1,3,3,0,0,0,0,0,0,0,0,0,0,0,0,0,0,0,0,0,0,0,0,0,0,0,0,0,0,0,0,0,0,0,0,0,0,0,0,0,0,0,0,0,0,0,0,0,0,0,0,0,0,0,0,0,0,0,0,0,0,0,0,0,0,0,0,0,0,0,0,0,0,0,0,0,0,0,0,0,0,0,0,0,0,0,0,0,0,0,0,0,0,0,0,0,0,0,0,0,0,0,0,0,0,0,0,0,0,0,0,0,uuid:940af5cc-3cc9-4384-97b5-913474a95d9a,2-43-173-FA,26328176,uuid:940af5cc-3cc9-4384-97b5-913474a95d9a
13 août 2026 13:17:04,12 août 2026 10:59:36,12 août 2026 11:17:55,9cd92ad83b04e8b1,,,,posaf2026,1071,17.85,,,https://posaf.surveycto.com/view/submission-attachment/?uuid=uuid%3Acccf98e8-549b-471d-af73-6ab5dc1d43e3&file=TA_cccf98e8-549b-471d-af73-6ab5dc1d43e3.csv,12 août 2026,10:59:41,4,Gauphin,2,hl Haut Lomami,43,hl Mulongo,174,hl Ngoya Centre de Santé,2-43-174,2-43-174-FA,-8.7271166,25.0014588,1122.5,135.6,mois_7,an2026,40,36,76,4,72,76,45,31,76,0,0,0,0,0,0,0,0,0,40,36,76,4,72,76,67,9,76,0,0,0,0,0,0,0,0,0,40,36,76,4,72,76,0,0,0,0,0,0,5,5,10,1,9,10,0,0,0,0,0,0,5,5,10,1,9,10,5,5,10,1,9,10,5,2,17,0,0,0,1,0,0,1,0,3,1,0,2,0,0,1,1,5,5,10,10,0,0,0,0,0,0,0,0,0,0,0,0,0,0,0,0,0,0,0,0,0,0,0,0,0,0,0,0,0,0,0,0,0,0,0,0,0,0,0,0,0,0,0,0,0,0,0,0,0,0,0,0,0,0,0,0,0,0,0,0,0,0,0,0,0,0,0,0,0,0,0,0,0,0,0,0,0,0,0,0,0,0,0,0,0,0,0,0,0,0,0,0,0,0,0,0,0,0,0,0,0,0,0,0,0,0,0,0,0,uuid:cccf98e8-549b-471d-af73-6ab5dc1d43e3,2-43-174-FA,26328176,uuid:cccf98e8-549b-471d-af73-6ab5dc1d43e3
13 août 2026 13:35:01,13 août 2026 13:17:46,13 août 2026 13:34:21,9cd92ad83b04e8b1,,,,posaf2026,995,16.583333333333332,,,https://posaf.surveycto.com/view/submission-attachment/?uuid=uuid%3Ad48af4aa-a2b5-4996-a5ba-c2632205c061&file=TA_d48af4aa-a2b5-4996-a5ba-c2632205c061.csv,13 août 2026,13:17:51,1,TIGANA,2,hl Haut Lomami,33,hl Kamina,129,hl Kibula Centre de Santé,2-33-129,2-33-129-FA,,,,,mois_7,an2026,19,17,36,8,28,36,15,21,36,6,7,13,0,13,13,7,6,13,6,7,13,0,13,13,7,6,13,0,0,0,0,0,0,0,0,0,6,7,13,0,13,13,0,0,0,0,0,0,3,4,7,0,7,7,0,0,0,0,0,0,3,4,7,0,7,7,3,4,7,0,7,7,0,3,10,0,0,0,0,0,0,0,0,2,2,1,1,1,0,0,0,4,3,7,7,0,0,0,0,0,0,0,0,0,0,0,0,0,0,0,0,0,0,2,2,4,0,4,4,0,0,0,0,0,0,4,7,11,3,8,11,0,0,0,0,0,0,0,0,0,0,0,0,0,0,0,0,0,0,4,7,11,3,8,11,0,0,0,0,0,0,0,0,0,0,0,0,11,4,7,11,3,8,11,0,0,0,0,0,0,0,0,0,0,0,0,4,7,11,3,8,11,0,0,0,0,0,0,0,0,0,0,0,0,uuid:d48af4aa-a2b5-4996-a5ba-c2632205c061,2-33-129-FA,26328176,uuid:d48af4aa-a2b5-4996-a5ba-c2632205c061
13 août 2026 13:39:08,13 août 2026 13:10:09,13 août 2026 13:39:02,e75393fc3375803c,,,+243110618002822,posaf2026,1554,25.9,,,https://posaf.surveycto.com/view/submission-attachment/?uuid=uuid%3A49d91d8d-aa9a-4fec-bab7-43f313b2778e&file=TA_49d91d8d-aa9a-4fec-bab7-43f313b2778e.csv,13 août 2026,13:11:38,4,Ohandjo,8,sk Sud Kivu,162,sn Omendjadi,731,sn Hiambe Hôpital Général de Référence,8-162-731,8-162-731-FA,-3.2575242,23.8464915,589.6,4.9,mois_8,an2026,3,3,6,3,3,6,3,3,6,0,0,0,0,0,0,0,0,0,2,2,4,1,3,4,2,2,4,0,0,0,0,0,0,0,0,0,2,2,4,1,3,4,1,1,2,0,2,2,2,2,4,1,3,4,0,0,0,0,0,0,3,3,6,2,4,6,3,3,6,2,4,6,2,3,3,3,3,3,3,3,3,3,3,0,0,0,0,0,0,3,3,15,15,30,30,3,3,6,0,3,3,0,0,0,0,0,0,0,0,0,0,0,0,0,0,0,0,0,0,0,0,0,0,0,0,0,0,0,0,0,0,0,0,0,0,0,0,0,0,0,0,0,0,0,0,0,0,0,0,0,0,0,0,0,0,0,0,0,0,0,0,0,0,0,0,0,0,0,0,0,0,0,0,0,0,0,0,0,0,0,0,0,0,0,0,0,0,0,0,0,0,0,0,0,0,0,0,0,0,0,0,0,0,0,uuid:49d91d8d-aa9a-4fec-bab7-43f313b2778e,8-162-731-FA,26328176,uuid:49d91d8d-aa9a-4fec-bab7-43f313b2778e
13 août 2026 14:03:11,13 août 2026 10:34:08,13 août 2026 11:57:33,ec076c6e54a8c684,,,,posaf2026,989,16.483333333333334,,,https://posaf.surveycto.com/view/submission-attachment/?uuid=uuid%3A9678dd49-3d4c-4c85-8c84-67d2fd75f4f5&file=TA_9678dd49-3d4c-4c85-8c84-67d2fd75f4f5.csv,13 août 2026,10:34:17,4,KAMANGWE MUKENA,2,hl Haut Lomami,39,hl Kitenge,151,hl Kabulo Kisanga Centre de Santé,2-39-151,2-39-151-FA,-6.8912009,25.9835679,0.0,600.0,,an2026,15,4,19,0,19,19,19,0,19,0,0,0,0,0,0,0,0,0,15,4,19,0,19,19,19,0,19,0,0,0,0,0,0,0,0,0,15,4,19,0,19,19,0,0,0,0,0,0,1,2,3,0,3,3,0,0,0,0,0,0,0,2,2,0,2,2,0,2,2,0,2,2,0,1,3,0,0,0,0,0,0,0,0,1,0,0,0,0,2,0,0,1,2,3,3,0,0,0,0,0,0,0,0,0,0,0,0,0,0,0,0,0,0,0,0,0,0,0,0,0,0,0,0,0,0,0,0,0,0,0,0,0,0,0,0,0,0,0,0,0,0,0,0,8,0,8,0,0,0,0,0,0,0,0,0,0,0,0,0,0,0,0,0,0,0,0,0,0,0,0,0,0,0,0,0,0,0,0,0,0,0,0,0,0,0,0,0,0,0,0,0,0,0,0,0,0,0,0,0,0,0,0,0,0,uuid:9678dd49-3d4c-4c85-8c84-67d2fd75f4f5,2-39-151-FA,26328176,uuid:9678dd49-3d4c-4c85-8c84-67d2fd75f4f5
13 août 2026 14:03:15,13 août 2026 09:30:21,13 août 2026 11:59:08,ec076c6e54a8c684,,,,posaf2026,2177,36.28333333333333,,,https://posaf.surveycto.com/view/submission-attachment/?uuid=uuid%3Af2467993-bbe1-4ca9-8560-9d5a92fc35d8&file=TA_f2467993-bbe1-4ca9-8560-9d5a92fc35d8.csv,13 août 2026,09:30:49,4,KAMANGWE MUKENA,2,hl Haut Lomami,39,hl Kitenge,152,hl Kitenge Hôpital Général de Référence,2-39-152,2-39-152-FA,-6.8878727,25.9906797,1055.1,1.7,,an2026,9,14,23,0,23,23,23,0,23,0,0,0,0,0,0,0,0,0,9,14,23,0,23,23,1,22,23,0,0,0,0,0,0,0,0,0,9,14,23,0,0,0,0,0,0,0,0,0,1,2,3,0,3,3,0,0,0,0,0,0,1,2,3,0,3,3,1,2,3,0,3,3,0,2,5,0,0,0,0,0,0,0,0,1,0,0,2,0,0,0,0,1,2,3,3,0,0,0,0,0,0,0,0,0,0,0,0,0,0,0,0,0,0,0,0,0,0,0,0,0,0,0,0,0,0,0,0,0,0,0,0,0,0,0,0,0,0,0,1,1,0,1,1,0,0,0,0,0,0,0,0,0,0,0,0,0,1,1,0,1,1,0,0,0,0,0,0,1,0,0,0,0,0,0,0,1,1,0,1,1,0,0,0,0,0,0,0,0,0,0,0,0,0,0,0,0,0,0,0,0,0,0,0,0,uuid:f2467993-bbe1-4ca9-8560-9d5a92fc35d8,2-39-152-FA,26328176,uuid:f2467993-bbe1-4ca9-8560-9d5a92fc35d8